"","Unique_ID","Site","Species","Elevation_m","Elevation_cat","Longitude","Latitude","ACI","LT","LPS","LMA","ImageJ_1","ImageJ_2","LBI","logLBI","logACI","logLT","logLPS","logLMA","Observed","Shannon","Simpson_1minusD","hill_1","hill_2"
"1","AGFB_L005","AGFB","M. laciniatus",1124,"LOW",-119.570677,37.33823,1.86666666666667,260.666666666667,0.233333333333333,NA,231452,476635,0.514404104,-0.288695575197668,0.271066772286538,2.41608549834019,-0.632023214705406,NA,8,1.07467687770781,0.551220782441565,2.92904630745249,2.22826717654275
"2","AGFB_L010","AGFB","M. laciniatus",1124,"LOW",-119.570677,37.33823,1.8,256,0.21,NA,193921,322675,0.399020686,-0.39900458906819,0.255272505103306,2.40823996531185,-0.677780705266081,NA,19,1.08072559547556,0.539784286405652,2.94681697258265,2.17289408088625
"3","AGFB_N003","AGFB","M. nasutus",1124,"LOW",-119.570677,37.33823,3.8,408,0.23,0.2,117550,140416,0.16284469,-0.788226398236946,0.57978359661681,2.61066016308988,-0.638272163982407,-0.698970004336019,11,1.52598743517828,0.707848534164372,4.59968321665113,3.42288202162445
"4","BHEB_G002","BHEB","M. guttatus",1209,"LOW",-119.393233,37.053544,2.96666666666667,302,0.233333333333333,0.2,1190763,1266398,0.05972451,-1.2238474046617,0.47226875192525,2.48000694295715,-0.632023214705406,-0.698970004336019,24,2.10070762821033,0.770283937263386,8.17195056980498,4.35320015538735
"5","BHEB_G003","BHEB","M. guttatus",1209,"LOW",-119.393233,37.053544,4.53333333333333,441.666666666667,0.346666666666667,0.2,881947,1027989,0.142065722,-0.847510697175017,0.656417653650555,2.64509462355316,-0.460087915420882,-0.698970004336019,35,2.18366020503574,0.812853830327017,8.87874488322982,5.34341686900346
"6","BHEB_G007","BHEB","M. guttatus",1209,"LOW",-119.393233,37.053544,3.36666666666667,345.666666666667,0.313333333333333,0.3,503275,561053,0.102981358,-0.987241385493657,0.52720011906298,2.53865750166938,-0.503993401119964,-0.522878745280338,4,1.25953477225451,0.6944,3.52378174493132,3.27225130890052
"7","BHEB_G008","BHEB","M. guttatus",1209,"LOW",-119.393233,37.053544,4.6,472.333333333333,0.383333333333333,0.233333333333333,1720237,1879375,0.084676023,-1.07223954779144,0.662757831681574,2.6742485955278,-0.416423414366051,-0.632023214705406,3,0.858740913006287,0.520710059171598,2.36018714118578,2.08641975308642
"8","BHEB_G009","BHEB","M. guttatus",1209,"LOW",-119.393233,37.053544,5.03333333333333,317.333333333333,0.303333333333333,0.266666666666667,327806,369734,0.113400445,-0.945385241204442,0.701855692573507,2.50151569366481,-0.518079862398569,-0.574031267727719,28,2.33903772851834,0.868816669209283,10.37125179964,7.62291972594708
"9","BHEB_N004","BHEB","M. nasutus",1209,"LOW",-119.393233,37.053544,17.3333333333333,515,0.456666666666667,0.566666666666667,768063,835234,0.080421774,-1.0946263511546,1.23888208891514,2.71180722904119,-0.340400687563256,-0.246672333341388,3,1.03972077083992,0.625,2.82842712474619,2.66666666666667
"10","BHEB_N005","BHEB","M. nasutus",1209,"LOW",-119.393233,37.053544,16.3666666666667,632.666666666667,0.386666666666667,0.4,893027,952347,0.062288221,-1.20559407273665,1.21396023740331,2.80117495337161,-0.412663265492744,-0.397940008672038,1,0,0,1,1
"11","BHEB_N006","BHEB","M. nasutus",1209,"LOW",-119.393233,37.053544,8.1,628.333333333333,0.53,0.4,957351,1081142,0.114500223,-0.941193667493743,0.90848501887865,2.79819009982215,-0.275724130399211,-0.397940008672038,23,1.02227368712718,0.426503785582229,2.77950731486368,1.74369067285863
"12","BHEB_N208","BHEB","M. nasutus",1124,"LOW",-119.393233,37.053544,5.03333333333333,456.666666666667,0.226666666666667,0.266666666666667,853016,942457,0.094901942,-1.02272490041513,0.701855692573507,2.65959931243674,-0.644612342013426,-0.574031267727719,5,1.07539311871008,0.530285493827161,2.93114496199691,2.12895277207392
"13","CCNB_G004","CCNB","M. guttatus",1997,"HIGH",-119.963252,38.183927,3.4,251.666666666667,0.336666666666667,0.3,164375,195816,0.160563999,-0.794351823866327,0.531478917042255,2.40082569690953,-0.47279988093702,-0.522878745280338,6,0.916805993719882,0.426088474786115,2.50128848653979,1.74242885195121
"14","CCRB_N001","CCRB","M. nasutus",666,"LOW",-119.99792,37.486337,3.4,457.333333333333,0.306666666666667,0.433333333333333,1275137,1467045,0.13081262,-0.88335035592019,0.531478917042255,2.66023285665107,-0.513333427374107,-0.363177902412826,59,3.18774606433638,0.926013688974026,24.2337445392911,13.5160137886714
"15","CCRB_N002","CCRB","M. nasutus",666,"LOW",-119.99792,37.486337,3.83333333333333,316.666666666667,0.253333333333333,0.3,901197,1015528,0.112582814,-0.948527900378262,0.583576585633949,2.50060235056919,-0.596307662438871,-0.522878745280338,1,0,0,1,1
"16","CCRB_N003","CCRB","M. nasutus",666,"LOW",-119.99792,37.486337,4.66666666666667,335.333333333333,0.266666666666667,0.333333333333333,1028976,1229396,0.163023143,-0.78775073814977,0.669006780958576,2.52547672600025,-0.574031267727719,-0.477121254719662,7,1.91012917903105,0.846648301193756,6.75396121234648,6.52095808383234
"17","CCRB_N006","CCRB","M. nasutus",666,"LOW",-119.99792,37.486337,5.66666666666667,339,0.346666666666667,0.333333333333333,1923140,2188643,0.121309414,-0.91610549517951,0.753327666658612,2.53019969820308,-0.460087915420882,-0.477121254719662,3,0.89820533970415,0.561224489795918,2.45519291769306,2.27906976744186
"18","CCRB_N007","CCRB","M. nasutus",666,"LOW",-119.99792,37.486337,5.13333333333333,363.333333333333,0.293333333333333,0.333333333333333,1242150,1503321,0.173729363,-0.760126772737985,0.710399466116801,2.56030524322096,-0.532638582569494,-0.477121254719662,1,0,0,1,1
"19","HDRB_G001","HDRB","M. guttatus",1037,"LOW",-119.534709,37.288671,8.06666666666667,227.666666666667,0.363333333333333,0.266666666666667,207266,235256,0.118976774,-0.924537810944695,0.906694111260769,2.35729944896187,-0.439694756779039,-0.574031267727719,5,1.03799482575692,0.543268595587264,2.82354962521656,2.18947063928261
"20","HDRB_G002","HDRB","M. guttatus",1037,"LOW",-119.534709,37.288671,6.23333333333333,326,0.603333333333333,0.5,551641,623082,0.114657461,-0.94059767956726,0.794720351816837,2.51321760006794,-0.219442679850478,-0.301029995663981,1,0,0,1,1
"21","HDRB_G005","HDRB","M. guttatus",1037,"LOW",-119.534709,37.288671,15.7333333333333,303.333333333333,0.386666666666667,0.3,212328,242457,0.124265334,-0.905650008544824,1.19682074391443,2.48192013760143,-0.412663265492744,-0.522878745280338,27,1.63201265379088,0.648047155124943,5.1141573956006,2.84128971980607
"22","HDRB_G006","HDRB","M. guttatus",1037,"LOW",-119.534709,37.288671,5.13333333333333,330.666666666667,0.52,0.6,247712,301009,0.177061151,-0.751876716941632,0.710399466116801,2.51939041743452,-0.283996656365201,-0.221848749616356,14,0.900935292090187,0.372050218772521,2.46190463462239,1.59248403279202
"23","HDRB_G010","HDRB","M. guttatus",1037,"LOW",-119.534709,37.288671,21.4,322,0.593333333333333,0.5,577331,655957,0.119864564,-0.921309189994456,1.33041377334919,2.50785587169583,-0.226701252410768,-0.301029995663981,29,1.8189706096046,0.761496140780818,6.16550846693994,4.1928042727435
"24","HHBB_G002","HHBB","M. guttatus",1199,"LOW",-119.778553,37.959056,3.26666666666667,496.666666666667,0.716666666666667,0.65,NA,NA,NA,NA,0.514104820972832,2.69606501369261,-0.144682794804057,-0.187086643357144,4,0.955195628617195,0.509034986543637,2.59917900698173,2.03680501174628
"25","HHBB_G010","HHBB","M. guttatus",1199,"LOW",-119.778553,37.959056,2.7,294,0.17,0.2,NA,NA,NA,NA,0.431363764158987,2.46834733041216,-0.769551078621726,-0.698970004336019,13,1.73850595804461,0.723289982682651,5.68883770809367,3.61389157391124
"26","HHBB_L008","HHBB","M. laciniatus",1199,"LOW",-119.778553,37.959056,6.26666666666667,504.666666666667,0.376666666666667,0.6,NA,NA,NA,NA,0.797036594544017,2.70300462044439,-0.424042811236243,-0.221848749616356,1,0,0,1,1
"27","HHBB_L010","HHBB","M. laciniatus",1199,"LOW",-119.778553,37.959056,NA,369.666666666667,0.283333333333333,NA,NA,NA,NA,NA,NA,2.5678102914295,-0.54770232900537,NA,21,1.34033882021273,0.613879340361172,3.82033769373547,2.5898640102174
"28","HUOB_G012","HUOB","M. guttatus",1851,"HIGH",-119.273507,37.150723,10,444.333333333333,0.643333333333333,2.13333333333333,582948,632244,0.077969898,-1.10807303392177,1,2.6477088946942,-0.191563945711889,0.329058719264225,23,1.85727026528133,0.772218575221134,6.40622558546037,4.39017361038468
"29","HUOB_G022","HUOB","M. guttatus",1851,"HIGH",-119.273507,37.150723,3.66666666666667,360,0.57,0.433333333333333,564502,598517,0.056832137,-1.24540601332253,0.564271430438563,2.55630250076729,-0.244125144327509,-0.363177902412826,5,0.646979839977433,0.332779820233001,1.9097643165673,1.49875562868799
"30","HUOB_G062","HUOB","M. guttatus",1851,"HIGH",-119.273507,37.150723,5.43333333333333,279,0.46,0.533333333333333,337092,374836,0.100694704,-0.9969933704003,0.735066349684295,2.4456042032736,-0.337242168318426,-0.273001272063738,7,0.860861427573534,0.459482533209416,2.36519726254038,1.85007897328031
"31","HUOB_G092","HUOB","M. guttatus",1851,"HIGH",-119.273507,37.150723,6.03333333333333,297.666666666667,0.633333333333333,0.8,185227,200581,0.076547629,-1.11606825667263,0.780557320149522,2.47373020416888,-0.198367653766833,-0.0969100130080564,16,1.45698816969013,0.698016972738122,4.29301021927416,3.31144438502766
"32","HUOB_G112","HUOB","M. guttatus",1851,"HIGH",-119.273507,37.150723,13.1333333333333,267.666666666667,0.553333333333333,0.7,NA,NA,NA,NA,1.11837496710591,2.42759429055902,-0.257013166679607,-0.154901959985743,28,1.84074942039638,0.711767981416057,6.30125878383318,3.46942718200742
"33","KNOB_L009","KNOB","M. laciniatus",2572,"HIGH",-119.440369,37.853852,5.96666666666667,408.666666666667,0.22,NA,198759,357259,0.443655723,-0.352953911865565,0.775731776260231,2.61136921546273,-0.657577319177794,NA,3,0.916464885539471,0.56198347107438,2.50043542207737,2.28301886792453
"34","KNOB_L010","KNOB","M. laciniatus",2572,"HIGH",-119.440369,37.853852,5.43333333333333,556.666666666667,0.226666666666667,NA,306000,378847,0.192286068,-0.716052181231686,0.735066349684295,2.74559521642792,-0.644612342013426,NA,2,0.693147180559945,0.5,2,2
"35","NFWB_L006","NFWB","M. laciniatus",875,"LOW",-119.521415,37.257397,2.83333333333333,218.666666666667,0.243333333333333,0.366666666666667,307260,436710,0.296420966,-0.528091081745055,0.45229767099463,2.339782584656,-0.613798394599206,-0.435728569561437,3,0.897501078594518,0.526666666666667,2.45346442952942,2.11267605633803
"36","NFWB_L010","NFWB","M. laciniatus",875,"LOW",-119.521415,37.257397,2.66666666666667,253.666666666667,0.146666666666667,0.166666666666667,314094,476970,0.341480596,-0.466633969257846,0.425968732272281,2.40426340205091,-0.833668578233475,-0.778151250383644,2,0.655481773901393,0.462809917355372,1.92607022425223,1.86153846153846
"37","NFWB_N002","NFWB","M. nasutus",875,"LOW",-119.521415,37.257397,2.56666666666667,225.666666666667,0.133333333333333,0.133333333333333,454339,488024,0.069023245,-1.16100462701402,0.409369470452819,2.35346741396548,-0.8750612633917,-0.8750612633917,3,0.907808691525253,0.56508875739645,2.47888457665975,2.29931972789116
"38","NFWB_N006","NFWB","M. nasutus",875,"LOW",-119.521415,37.257397,2.86666666666667,233.333333333333,0.166666666666667,0.166666666666667,363124,406518,0.106745581,-0.971650094635856,0.457377196523905,2.36797678529459,-0.778151250383644,-0.778151250383644,17,2.16258078605187,0.849215326749011,8.6935449113122,6.63197378380393
"39","NFWB_N008","NFWB","M. nasutus",875,"LOW",-119.521415,37.257397,2.23333333333333,257,0.143333333333333,0.1,271283,315241,0.139442522,-0.855604771044517,0.348953547981164,2.40993312333129,-0.843652799140076,-1,24,2.44064147181172,0.855210263584596,11.4804027360292,6.90656689318766
"40","NFWB_N010","NFWB","M. nasutus",875,"LOW",-119.521415,37.257397,2.4,272.333333333333,0.166666666666667,0.133333333333333,555077,601067,0.076513933,-1.1162594736824,0.380211241711606,2.43510080181275,-0.778151250383644,-0.8750612633917,6,1.39634463916217,0.678102027177545,4.04040380682335,3.10657439446367
"41","OPNZ_L103","OPNZ","M. laciniatus",2506,"HIGH",-119.486313176147,37.8072315532725,4.26666666666667,430.666666666667,0.146666666666667,NA,415790,588488,0.293460529,-0.532450303923221,0.630088714928206,2.6341412589394,-0.833668578233475,NA,3,1.01140426470735,0.611111111111111,2.74945927399721,2.57142857142857
"42","OPNZ_L104","OPNZ","M. laciniatus",2506,"HIGH",-119.486313176147,37.8072315532725,4.3,311,0.25,NA,330495,677028,0.511844414,-0.290862032012279,0.633468455579587,2.49276038902684,-0.602059991327962,NA,17,0.681749836327842,0.289732534731583,1.97733471889136,1.40792032424305
"43","OPNZ_L105","OPNZ","M. laciniatus",2506,"HIGH",-119.486313176147,37.8072315532725,3.96666666666667,346.333333333333,0.2,NA,373939,733854,0.490444966,-0.309409718770187,0.598425706672868,2.53949429283752,-0.698970004336019,NA,9,1.36907811380097,0.608545308670028,3.93172442173865,2.5545740596504
"44","OSKB_L001","OSKB","M. laciniatus",2399,"HIGH",-119.594572,37.842693,1.46666666666667,326.333333333333,0.426666666666667,NA,230838,771945,0.700965742,-0.15430320660384,0.166331421766525,2.51366143708348,-0.369911285071794,NA,3,0.50270039282161,0.25146484375,1.65317948253683,1.33594259621657
"45","SDSB_G002","SDSB","M. guttatus",1679,"MID",-120.094614,38.136194,4.4,369.666666666667,0.583333333333333,0.733333333333333,275247,313067,0.120804812,-0.917915766183227,0.643452676486187,2.5678102914295,-0.234083206033368,-0.134698573897456,1,0,0,1,1
"46","SDSB_G003","SDSB","M. guttatus",1679,"MID",-120.094614,38.136194,3.5,308.666666666667,0.356666666666667,0.566666666666667,165270,184688,0.105139478,-0.978234183512023,0.544068044350276,2.48948973196227,-0.447737477034453,-0.246672333341388,11,1.0299121768461,0.460746965633667,2.80081984706507,1.85441701069904
"47","SDSB_G005","SDSB","M. guttatus",1679,"MID",-120.094614,38.136194,3.7,282,0.276666666666667,0.5,162096,194052,0.164677509,-0.783365710995274,0.568201724066995,2.45024910831936,-0.558043162343589,-0.301029995663981,14,1.45077411075983,0.706398545342906,4.26641591564534,3.40597767530795
"48","SDSB_G008","SDSB","M. guttatus",1679,"MID",-120.094614,38.136194,3.43333333333333,319,0.4,0.5,198621,236385,0.15975633,-0.796541924846517,0.53571596998551,2.50379068305718,-0.397940008672038,-0.301029995663981,2,0.682908104700472,0.489795918367347,1.97962633005252,1.96
"49","SPLB_L001","SPLB","M. laciniatus",2348,"HIGH",-119.586129,37.847194,3.43333333333333,281,0.303333333333333,NA,316997,1051068,0.698404861,-0.155892746538842,0.53571596998551,2.44870631990508,-0.518079862398569,NA,2,0.500402423538188,0.32,1.64938488846612,1.47058823529412
"50","SPLB_L002","SPLB","M. laciniatus",2348,"HIGH",-119.586129,37.847194,4.36666666666667,385.666666666667,0.326666666666667,NA,525311,1688687,0.688923406,-0.161829059951056,0.640150040936102,2.58621210423209,-0.485895179027168,NA,3,0.669893221613707,0.362948960302457,1.95402866146875,1.56973293768546
"51","SPLB_L003","SPLB","M. laciniatus",2348,"HIGH",-119.586129,37.847194,3.63333333333333,371,0.333333333333333,NA,99938,235709,0.576011098,-0.239569148948787,0.560305243220961,2.56937390961505,-0.477121254719662,NA,10,0.172042200827545,0.0527668250530837,1.18772795525891,1.05570626794827
"52","SPLB_L005","SPLB","M. laciniatus",2348,"HIGH",-119.586129,37.847194,NA,279,0.526666666666667,NA,381555,1790058,0.786847689,-0.104109326381183,NA,2.4456042032736,-0.27846416776524,NA,2,0.636514168294813,0.444444444444444,1.88988157484231,1.8
"53","SPLB_L006","SPLB","M. laciniatus",2348,"HIGH",-119.586129,37.847194,4.36666666666667,391.666666666667,0.463333333333333,NA,403294,1189949,0.661082954,-0.179744040962134,0.640150040936102,2.59291661188809,-0.334106454465567,NA,4,0.990532055483182,0.545043005885016,2.69266673939578,2.19800995024876
"54","SPLB_L007","SPLB","M. laciniatus",2348,"HIGH",-119.586129,37.847194,3.83333333333333,428.666666666667,0.383333333333333,NA,159818,378172,0.577393355,-0.238528218556162,0.583576585633949,2.63211971386854,-0.416423414366051,NA,1,0,0,1,1
"55","SPLB_L009","SPLB","M. laciniatus",2348,"HIGH",-119.586129,37.847194,5.63333333333333,390,0.626666666666667,NA,318723,1370418,0.767426435,-0.114963245042713,0.750765449894011,2.5910646070265,-0.202963405455983,NA,3,0.803712161102951,0.458161865569273,2.23381784808497,1.84556962025316
"56","TRTZ_L001","TRTZ","M. laciniatus",1486,"MID",-119.70531698,37.71609798,3.8,391.333333333333,0.216666666666667,0.4,344360,616011,0.440984008,-0.355577159655257,0.57978359661681,2.59254684219193,-0.664207898076807,-0.397940008672038,17,0.470028159025637,0.159003328853906,1.60003924812921,1.18906534866211
"57","TRTZ_L003","TRTZ","M. laciniatus",1486,"MID",-119.70531698,37.71609798,3.33333333333333,364,0.31,0.6,341775,674782,0.493503087,-0.306710126352252,0.522878745280338,2.56110138364906,-0.508638306165727,-0.221848749616356,14,0.686202166155421,0.267792601903259,1.98615809294948,1.36573326437201
"58","TRTZ_L004","TRTZ","M. laciniatus",1486,"MID",-119.70531698,37.71609798,5.76666666666667,484.333333333333,0.32,0.633333333333333,238776,567641,0.579353852,-0.237056101158384,0.760924848409133,2.68514435957836,-0.494850021680094,-0.198367653766833,18,0.992870555840295,0.483032372944154,2.69897090980692,1.93435710025993
"59","TRTZ_L005","TRTZ","M. laciniatus",1486,"MID",-119.70531698,37.71609798,2.53333333333333,249.666666666667,0.106666666666667,0.15,337969,839882,0.597599425,-0.223589829063219,0.403692337561129,2.3973605629798,-0.971971276399756,-0.823908740944319,19,1.96550276978793,0.764142622937757,7.13850071057201,4.2398504234027
"60","TRTZ_L006","TRTZ","M. laciniatus",1486,"MID",-119.70531698,37.71609798,4.23333333333333,526.666666666667,0.276666666666667,0.566666666666667,171218,440295,0.611128902,-0.213867176790234,0.626682466236294,2.72153583223476,-0.558043162343589,-0.246672333341388,13,0.355481059082577,0.123845031147558,1.42686689648691,1.14135060069312
"61","TWGB_G002","TWGB","M. guttatus",1238,"MID",-119.951305,37.85882,2.33333333333333,297.666666666667,0.336666666666667,0.5,227002,256381,0.114591175,-0.940848827363225,0.367976785294594,2.47373020416888,-0.47279988093702,-0.301029995663981,10,0.456730218337989,0.163707397237902,1.57890286774649,1.19575373104726
"62","TWGB_G006","TWGB","M. guttatus",1238,"MID",-119.951305,37.85882,4.3,236,0.27,0.2,299033,349516,0.144436878,-0.840321907409611,0.633468455579587,2.37291200297011,-0.568636235841013,-0.698970004336019,1,0,0,1,1
"63","TWGB_G009","TWGB","M. guttatus",1238,"MID",-119.951305,37.85882,3.36666666666667,278.666666666667,0.243333333333333,0.166666666666667,661641,775374,0.146681472,-0.833624740392171,0.52720011906298,2.44508502271935,-0.613798394599206,-0.778151250383644,16,0.464061414084167,0.155332307067999,1.59052064780956,1.18389753552526
"64","WCFB_G004","WCFB","M. guttatus",1380,"MID",-119.719077,37.723593,3.53333333333333,407.666666666667,0.29,0.566666666666667,207245,253988,0.184036254,-0.735096615244702,0.548184610545108,2.61030520231662,-0.537602002101044,-0.246672333341388,22,1.68921974867124,0.707934551306686,5.41525379734946,3.4238901057073
"65","WCFB_G006","WCFB","M. guttatus",1380,"MID",-119.719077,37.723593,5.4,500.666666666667,0.283333333333333,0.466666666666667,529125,634301,0.165814022,-0.780378746284344,0.732393759822969,2.69954867794849,-0.54770232900537,-0.330993219041424,30,2.43360013948008,0.856284891493302,11.3998493395033,6.95821065990007
"66","WCFB_G008","WCFB","M. guttatus",1380,"MID",-119.719077,37.723593,7.03333333333333,397,0.33,0.7,323797,402690,0.195914972,-0.707932373558492,0.84716120057803,2.59879050676312,-0.481486060122112,-0.154901959985743,19,1.14988275802876,0.502463287545746,3.15782265863238,2.00990193279847
"67","WCFB_G009","WCFB","M. guttatus",1380,"MID",-119.719077,37.723593,3.6,373,0.376666666666667,0.566666666666667,305386,377705,0.191469533,-0.717900321970278,0.556302500767287,2.57170883180869,-0.424042811236243,-0.246672333341388,25,1.53889939229872,0.637639153759848,4.65945921117251,2.75968005477407
"68","WCFB_L007","WCFB","M. laciniatus",1380,"MID",-119.719077,37.723593,2.26666666666667,409.333333333333,0.273333333333333,0.733333333333333,162295,357959,0.546610087,-0.262322358212296,0.355387657986574,2.61207711208549,-0.563307402335946,-0.134698573897456,2,0.562335144618808,0.375,1.75476535060332,1.6
"69","WCFB_L009","WCFB","M. laciniatus",1380,"MID",-119.719077,37.723593,2.7,343.666666666667,0.35,0.7,136290,199295,0.316139391,-0.500121387652647,0.431363764158987,2.53613741056385,-0.455931955649724,-0.154901959985743,26,1.24243512192164,0.503189376455142,3.46403855876572,2.01283940521394
"70","WSHB_G002","WSHB","M. guttatus",1235,"MID",-119.647878,37.543343,6.53333333333333,308.666666666667,0.57,NA,416939,483225,0.137174194,-0.862727582926166,0.815134816636814,2.48948973196227,-0.244125144327509,NA,12,1.90420923808003,0.793010889261461,6.71409627624221,4.83117201881775
"71","WSHB_G003","WSHB","M. guttatus",1235,"MID",-119.647878,37.543343,4.73333333333333,312.333333333333,0.51,NA,374367,411118,0.089392826,-1.04869733303438,0.675167089663394,2.49461833616812,-0.292429823902064,NA,10,1.36649393452351,0.558451523477142,3.92157725765575,2.26475699310499
"72","WSHB_G004","WSHB","M. guttatus",1235,"MID",-119.647878,37.543343,3.2,199.666666666667,0.243333333333333,NA,575342,612480,0.060635449,-1.21727340217082,0.505149978319906,2.30030556766965,-0.613798394599207,NA,15,1.60521066610118,0.75747816521932,4.97890837948138,4.12334007329414
"73","WSHB_G005","WSHB","M. guttatus",1235,"MID",-119.647878,37.543343,6.7,281,0.353333333333333,NA,934196,1003259,0.068838655,-1.1621676236987,0.826074802700826,2.44870631990508,-0.451815389454892,NA,24,1.38933261986972,0.579348804213886,4.01217151574347,2.37726650968196
"74","WSHB_G007","WSHB","M. guttatus",1235,"MID",-119.647878,37.543343,6.83333333333333,287.666666666667,0.533333333333333,NA,772300,828953,0.068342837,-1.16530699703459,0.834632606336092,2.45888954099555,-0.273001272063738,NA,1,0,0,1,1
"75","WSHB_G008","WSHB","M. guttatus",1235,"MID",-119.647878,37.543343,4.23333333333333,351.666666666667,0.606666666666667,NA,447599,488857,0.084396869,-1.07367366476351,0.626682466236294,2.54613120491405,-0.217049866734588,NA,2,0.673011667009257,0.48,1.96013170420779,1.92307692307692
"76","WSHB_G010","WSHB","M. guttatus",1235,"MID",-119.647878,37.543343,4,317,0.416666666666667,NA,440608,476039,0.074428776,-1.12825912303173,0.602059991327962,2.50105926221775,-0.380211241711606,NA,2,0.682908104700472,0.489795918367347,1.97962633005252,1.96
"77","WSHB_G205","WSHB","M. guttatus",1235,"MID",-119.647878,37.543343,6.7,281,0.353333333333333,NA,934196,1003259,0.068838655,-1.1621676236987,0.826074802700826,2.44870631990508,-0.451815389454892,NA,19,0.581783834265782,0.19588008106869,1.78922727063819,1.24359560863636
"78","AGFB_L001","AGFB","M. laciniatus",1124,"LOW",-119.570677,37.33823,2.76666666666667,321.666666666667,0.313333333333333,NA,398988,767801,0.480349726,-0.31844245269152,0.441956837656411,2.50740605862413,-0.503993401119964,NA,10,1.04339856848828,0.484080637034142,2.83884865977569,1.93828739873478
"79","AGFB_L002","AGFB","M. laciniatus",1124,"LOW",-119.570677,37.33823,1.73333333333333,232.666666666667,0.19,NA,170388,258056,0.339724711,-0.468872862136082,0.238882088915137,2.3667341679035,-0.721246399047171,NA,7,1.34949057993202,0.618224852071006,3.85546098115386,2.61934283942963
"80","AGFB_L004","AGFB","M. laciniatus",1124,"LOW",-119.570677,37.33823,1.8,316.666666666667,0.27,NA,113955,154963,0.264630912,-0.577359426486763,0.255272505103306,2.50060235056919,-0.568636235841013,NA,10,1.5623373327398,0.755916010957646,4.76995720298664,4.09695041417272
"81","AGFB_L006","AGFB","M. laciniatus",1124,"LOW",-119.570677,37.33823,1.6,217,0.2,NA,96322,203685,0.527103125,-0.278104409005621,0.204119982655925,2.33645973384853,-0.698970004336019,NA,13,1.86641409204799,0.811332104502158,6.46507163146008,5.30031883464475
"82","AGFB_L007","AGFB","M. laciniatus",1124,"LOW",-119.570677,37.33823,2.13333333333333,320.666666666667,0.336666666666667,0.5,233738,295368,0.208654966,-0.68057127459602,0.329058719264225,2.50605381731815,-0.47279988093702,-0.301029995663981,4,1.14567759328576,0.621527777777778,3.14457137556514,2.64220183486239
"83","AGFB_L011","AGFB","M. laciniatus",1124,"LOW",-119.570677,37.33823,2.36666666666667,302,0.246666666666667,NA,124027,194156,0.361199242,-0.44225316975267,0.374137093999413,2.48000694295715,-0.607889534988686,NA,11,1.14178661857119,0.505361467424208,3.13235970092004,2.02167832496303
"84","AGFB_N004","AGFB","M. nasutus",1124,"LOW",-119.570677,37.33823,2.33333333333333,281.666666666667,NA,0.2,50688,59113,0.142523641,-0.846113091414971,0.367976785294594,2.44973545423003,NA,-0.698970004336019,11,0.922844339450725,0.465982713914614,2.51643782363081,1.87259855824237
"85","AGFB_N005","AGFB","M. nasutus",1124,"LOW",-119.570677,37.33823,3.43333333333333,293.333333333333,0.246666666666667,0.2,96517,114923,0.160159411,-0.795447537017105,0.53571596998551,2.46736141743051,-0.607889534988686,-0.698970004336019,11,0.78523478055773,0.349198289121969,2.19292173568709,1.53656633546775
"86","AGFB_N007","AGFB","M. nasutus",1124,"LOW",-119.570677,37.33823,2.4,283.333333333333,NA,0.1,108339,125342,0.135652854,-0.867571064685927,0.380211241711606,2.45229767099463,NA,-1,8,1.4086155843477,0.625656141184507,4.09028882265572,2.67134073780246
"87","AGFB_N008","AGFB","M. nasutus",1124,"LOW",-119.570677,37.33823,4.2,340,NA,0.2,75795,87171,0.130502117,-0.884382443161249,0.6232492903979,2.53147891704225,NA,-0.698970004336019,17,1.87239119717111,0.745009814748216,6.50382975954415,3.92171957133399
"88","AGFB_N009","AGFB","M. nasutus",1124,"LOW",-119.570677,37.33823,3.9,318.333333333333,0.27,0.2,63919,83220,0.231927421,-0.634647901275912,0.591064607026499,2.50288211686408,-0.568636235841013,-0.698970004336019,14,1.36908740861675,0.618970092409533,3.9317609665627,2.62446590170241
"89","BHEB_G001","BHEB","M. guttatus",1209,"LOW",-119.393233,37.053544,5.33333333333333,382.333333333333,0.31,0.266666666666667,1171224,1332652,0.121132899,-0.91673788894832,0.726998727936262,2.58244216318161,-0.508638306165727,-0.574031267727719,32,2.15811863277186,0.811073686743254,8.65483940055367,5.29306893657014
"90","BHEB_G005","BHEB","M. guttatus",1209,"LOW",-119.393233,37.053544,4.7,483,0.316666666666667,0.4,1517303,1709165,0.112254814,-0.949795025390956,0.672097857935718,2.68394713075151,-0.499397649430815,-0.397940008672038,29,2.2029205145803,0.817650693808896,9.05140970944272,5.48398028425723
"91","BHEB_N001","BHEB","M. nasutus",1209,"LOW",-119.393233,37.053544,7.73333333333333,620,0.42,0.5,531203,618399,0.141002815,-0.850772216942046,0.888366730171237,2.79239168949825,-0.376750709602099,-0.301029995663981,3,0.914622467660643,0.548696844993141,2.49583281641432,2.21580547112462
"92","BHEB_N007","BHEB","M. nasutus",1209,"LOW",-119.393233,37.053544,21.1333333333333,453,0.453333333333333,0.433333333333333,314629,335095,0.061075217,-1.21413498130524,1.32496800316207,2.65609820201283,-0.343582346349445,-0.363177902412826,2,0.598269588585257,0.408163265306122,1.81896851165317,1.68965517241379
"93","BHEB_N008","BHEB","M. nasutus",1209,"LOW",-119.393233,37.053544,5.03333333333333,456.666666666667,0.226666666666667,0.266666666666667,853016,942457,0.094901942,-1.02272490041513,0.701855692573507,2.65959931243674,-0.644612342013426,-0.574031267727719,29,2.04431598810065,0.764368645087925,7.72387350921531,4.24391736988122
"94","CCRB_N004","CCRB","M. nasutus",666,"LOW",-119.99792,37.486337,4.2,403,0.22,0.3,1693867,1997636,0.15206424,-0.817972904267975,0.6232492903979,2.60530504614111,-0.657577319177794,-0.522878745280338,1,0,0,1,1
"95","CCRB_N005","CCRB","M. nasutus",666,"LOW",-119.99792,37.486337,5.96666666666667,337,0.316666666666667,0.433333333333333,1102761,1304288,0.15451112,-0.811040259405148,0.775731776260231,2.52762990087134,-0.499397649430815,-0.363177902412826,34,2.87973249815803,0.912481976222434,17.8095084660366,11.4262177873391
"96","CCRB_N008","CCRB","M. nasutus",666,"LOW",-119.99792,37.486337,4.53333333333333,332.666666666667,0.333333333333333,0.4,919632,1043869,0.119015892,-0.924395044094089,0.656417653650555,2.52200928656771,-0.477121254719662,-0.397940008672038,2,0.636514168294813,0.444444444444444,1.88988157484231,1.8
"97","CCRB_N009","CCRB","M. nasutus",666,"LOW",-119.99792,37.486337,4.6,380,0.22,0.3,1372977,1574630,0.128063736,-0.892573832665551,0.662757831681574,2.57978359661681,-0.657577319177794,-0.522878745280338,27,2.48090083279101,0.851963825428057,11.9520263470244,6.75510565503039
"98","CFZZ_G004","CFZZ","M. guttatus",1901,"HIGH",-119.802952,37.755986,2.33333333333333,254.666666666667,0.19,0.166666666666667,NA,NA,NA,NA,0.367976785294594,2.40597210385603,-0.721246399047171,-0.778151250383644,9,0.475696403791991,0.182292880186598,1.60913441468697,1.22293175119742
"99","CFZZ_G008","CFZZ","M. guttatus",1901,"HIGH",-119.802952,37.755986,2.73333333333333,256.666666666667,0.15,0.133333333333333,NA,NA,NA,NA,0.436692597664054,2.40936947045282,-0.823908740944319,-0.8750612633917,14,1.55247144626718,0.704396593697462,4.72312872878745,3.38291094987093
"100","HDRB_G003","HDRB","M. guttatus",1037,"LOW",-119.534709,37.288671,3.9,336.666666666667,0.41,0.566666666666667,467372,540306,0.134986471,-0.86970975642703,0.591064607026499,2.52720011906298,-0.387216143280264,-0.246672333341388,5,1.54542290319359,0.777777777777778,4.68995460446875,4.5
"101","HDRB_G008","HDRB","M. guttatus",1037,"LOW",-119.534709,37.288671,10.7,244,0.496666666666667,0.4,276490,336314,0.177881385,-0.749869497755171,1.02938377768521,2.38738982633873,-0.303934986307388,-0.397940008672038,22,1.59474110526339,0.650372589109891,4.92705331881211,2.86018764219351
"102","HHBB_G001","HHBB","M. guttatus",1199,"LOW",-119.778553,37.959056,2.7,323.333333333333,0.26,0.25,NA,NA,NA,NA,0.431363764158987,2.50965047954658,-0.585026652029182,-0.602059991327962,14,1.30383710355548,0.568240828212232,3.68340318568606,2.31610598070063
"103","HHBB_G004","HHBB","M. guttatus",1199,"LOW",-119.778553,37.959056,2.03333333333333,237.666666666667,0.116666666666667,0.05,NA,NA,NA,NA,0.308208580291105,2.3759682751322,-0.933053210369387,-1.30102999566398,13,1.32734652178062,0.526731864813115,3.77102377058999,2.112967101842
"104","HHBB_G005","HHBB","M. guttatus",1199,"LOW",-119.778553,37.959056,1.93333333333333,203.333333333333,0.133333333333333,0.1,NA,NA,NA,NA,0.286306738843275,2.3082085802911,-0.8750612633917,-1,7,0.726058777202893,0.305292111992236,2.06691834788502,1.4394539305833
"105","HHBB_G009","HHBB","M. guttatus",1199,"LOW",-119.778553,37.959056,1.96666666666667,160,0.103333333333333,0.1,NA,NA,NA,NA,0.293730756922482,2.20411998265593,-0.98575956088539,-1,8,1.20326433430241,0.623740577266415,3.33097260294034,2.65774074901524
"106","HHBB_L002","HHBB","M. laciniatus",1199,"LOW",-119.778553,37.959056,NA,345.666666666667,NA,NA,NA,NA,NA,NA,NA,2.53865750166938,NA,NA,13,1.96971226678488,0.810289629398941,7.16861354334914,5.27119311839254
"107","HHBB_L003","HHBB","M. laciniatus",1199,"LOW",-119.778553,37.959056,NA,396.666666666667,NA,NA,NA,NA,NA,NA,NA,2.59842570667287,NA,NA,10,1.45350056713201,0.660237960090586,4.27806398426482,2.9432363905827
"108","HHBB_L009","HHBB","M. laciniatus",1199,"LOW",-119.778553,37.959056,4.76666666666667,486.333333333333,0.353333333333333,0.7,NA,NA,NA,NA,0.678214782745399,2.68693403717379,-0.451815389454892,-0.154901959985743,13,1.29990301819865,0.55438326526246,3.66894082987392,2.24408089294263
"109","HULB_L002","HULB","M. laciniatus",2178,"HIGH",-119.14962,37.23553,5.56666666666667,412.333333333333,0.223333333333333,0.333333333333333,129891,334836,0.612075762,-0.213194818079756,0.745595216427921,2.61524844490946,-0.651046452018836,-0.477121254719662,10,0.65484758587686,0.300245965046552,1.92484912082711,1.42907357449754
"110","HUOB_G082","HUOB","M. guttatus",1851,"HIGH",-119.273507,37.150723,10.3,377.333333333333,0.576666666666667,0.866666666666667,446363,482849,0.075563996,-1.1216850836398,1.01283722470517,2.57672517213259,-0.239075151590867,-0.0621479067488445,1,0,0,1,1
"111","HUOB_N001","HUOB","M. nasutus",1851,"HIGH",-119.273507,37.150723,4.56666666666667,405,0.403333333333333,0.666666666666667,191716,240571,0.20307934,-0.692334256705407,0.659599312436744,2.60745502321467,-0.394335884403212,-0.176091259055681,9,1.32410861183786,0.639113573407202,3.75883328173185,2.77095486644151
"112","HUOB_N003","HUOB","M. nasutus",1851,"HIGH",-119.273507,37.150723,6.9,357,0.433333333333333,0.866666666666667,320334,385500,0.169042802,-0.772003317168161,0.838849090737255,2.55266821611219,-0.363177902412826,-0.0621479067488445,9,1.4401197305393,0.688965376074076,4.22120119343683,3.21507614611471
"113","HUOB_N005","HUOB","M. nasutus",1851,"HIGH",-119.273507,37.150723,5.7,453.333333333333,0.3,0.7,216492,264525,0.181582081,-0.740927011028529,0.755874855672491,2.65641765365056,-0.522878745280338,-0.154901959985743,21,1.37362375823975,0.51304851149443,3.94963732499133,2.05359265471998
"114","KNOB_L001","KNOB","M. laciniatus",2572,"HIGH",-119.440369,37.853852,8.06666666666667,546,0.313333333333333,NA,126913,230499,0.449398913,-0.347367982381226,0.906694111260769,2.73719264270474,-0.503993401119964,NA,15,1.44512183544055,0.653882274680928,4.24236898222906,2.88919037324119
"115","KNOB_L002","KNOB","M. laciniatus",2572,"HIGH",-119.440369,37.853852,5.16666666666667,422.666666666667,0.303333333333333,NA,203424,448646,0.546582383,-0.262344370245236,0.713210443450629,2.62599799882605,-0.518079862398569,NA,29,1.8404751265496,0.741554721960589,6.29953062434437,3.86929104523051
"116","KNOB_L003","KNOB","M. laciniatus",2572,"HIGH",-119.440369,37.853852,2.63333333333333,426,0.29,NA,67267,126528,0.468362734,-0.329417667532242,0.420505836570779,2.62940959910272,-0.537602002101044,NA,12,1.5103330426017,0.709135373325434,4.52823863958963,3.43802548777734
"117","KNOB_L004","KNOB","M. laciniatus",2572,"HIGH",-119.440369,37.853852,5.1,488,0.293333333333333,NA,149130,374275,0.601549663,-0.220728512170346,0.707570176097936,2.68841982200271,-0.532638582569494,NA,2,0.592953317447474,0.4032,1.80932404087986,1.67560321715818
"118","KNOB_L008","KNOB","M. laciniatus",2572,"HIGH",-119.440369,37.853852,3.7,371.666666666667,0.296666666666667,NA,88875,199693,0.554941836,-0.255752533324131,0.568201724066995,2.57015361266452,-0.52773124807475,NA,11,0.908476340861262,0.517679637152198,2.48054015491276,2.07331076402336
"119","LMZZ_G002","LMZZ","M. guttatus",2157,"HIGH",-119.772719,37.767781,2.3,345,0.316666666666667,0.55,NA,NA,NA,NA,0.361727836017593,2.53781909507327,-0.499397649430815,-0.259637310505756,9,1.17575088352587,0.517485714285714,3.24057532513214,2.07247749881573
"120","LMZZ_G004","LMZZ","M. guttatus",2157,"HIGH",-119.772719,37.767781,2.86666666666667,311.666666666667,0.323333333333333,0.2,NA,NA,NA,NA,0.457377196523905,2.49369035615286,-0.490349520453418,-0.698970004336019,7,1.25864292101591,0.571406586642044,3.52064045680663,2.33321364452424
"121","LMZZ_G006","LMZZ","M. guttatus",2157,"HIGH",-119.772719,37.767781,2.2,341.666666666667,0.31,0.3,NA,NA,NA,NA,0.342422680822206,2.53360261067211,-0.508638306165727,-0.522878745280338,11,1.55397341968622,0.719115209444487,4.73022807277114,3.56017852736801
"122","LMZZ_G008","LMZZ","M. guttatus",2157,"HIGH",-119.772719,37.767781,2.73333333333333,276.333333333333,0.303333333333333,0.35,NA,NA,NA,NA,0.436692597664054,2.44143327583061,-0.518079862398569,-0.455931955649724,15,1.55819725349484,0.670408369300056,4.7502500249594,3.03405762420705
"123","NFWB_L004","NFWB","M. laciniatus",875,"LOW",-119.521415,37.257397,2.93333333333333,294.333333333333,0.2,0.266666666666667,387677,655094,0.408211646,-0.389114609317675,0.467361417430506,2.46883944885791,-0.698970004336019,-0.574031267727719,2,0.529706199057654,0.345679012345679,1.69843323402318,1.52830188679245
"124","NFWB_N007","NFWB","M. nasutus",875,"LOW",-119.521415,37.257397,2.43333333333333,263,0.16,0.166666666666667,256713,275048,0.066661092,-1.1761275762787,0.386201605400794,2.41995574848976,-0.795880017344075,-0.778151250383644,15,2.2868602995134,0.861488258260008,9.84398195581286,7.21960454354228
"125","OPNZ_L010","OPNZ","M. laciniatus",2506,"HIGH",-119.486313176147,37.8072315532725,0.18,517.333333333333,NA,NA,NA,NA,NA,NA,-0.744727494896694,2.71377046220251,NA,NA,5,1.33938473979521,0.686283386147578,3.81669452256906,3.18759018759019
"126","OPNZ_L101","OPNZ","M. laciniatus",2506,"HIGH",-119.486313176147,37.8072315532725,4.5,350,0.143333333333333,NA,173759,239414,0.274232083,-0.56188173753054,0.653212513775344,2.54406804435028,-0.843652799140076,NA,2,0.450561208866305,0.277777777777778,1.5691925832142,1.38461538461538
"127","OPNZ_L107","OPNZ","M. laciniatus",2506,"HIGH",-119.486313176147,37.8072315532725,5.13333333333333,358.333333333333,0.18,NA,185376,301055,0.384245404,-0.415391318439476,0.710399466116801,2.55428720953196,-0.744727494896694,NA,10,1.57013447300322,0.73451930675714,4.80729460165445,3.76675225525801
"128","OSKB_L002","OSKB","M. laciniatus",2399,"HIGH",-119.594572,37.842693,NA,240,0.303333333333333,NA,182866,705110,0.740656068,-0.130383414753044,NA,2.38021124171161,-0.518079862398569,NA,8,0.780979777468903,0.488260438432906,2.18361067028232,1.95411899939436
"129","OSKB_L004","OSKB","M. laciniatus",2399,"HIGH",-119.594572,37.842693,NA,300.666666666667,0.46,NA,99659,254611,0.60858329,-0.215679976329513,NA,2.47808528282228,-0.337242168318426,NA,7,0.917917094715002,0.496099799839544,2.50406921521539,1.98451994994559
"130","OSKB_L005","OSKB","M. laciniatus",2399,"HIGH",-119.594572,37.842693,NA,266.666666666667,0.346666666666667,NA,193314,321033,0.397837605,-0.400294168239975,NA,2.42596873227228,-0.460087915420882,NA,4,1.07239374802537,0.632727203141839,2.92236654317236,2.72277176135698
"131","OSKB_L007","OSKB","M. laciniatus",2399,"HIGH",-119.594572,37.842693,NA,240,NA,NA,52920,121789,0.565477999,-0.24758428746491,NA,2.38021124171161,NA,NA,5,0.995926623087138,0.553404745096924,2.70723176283636,2.23916396115098
"132","SDSB_G004","SDSB","M. guttatus",1679,"MID",-120.094614,38.136194,4.66666666666667,371,0.323333333333333,0.433333333333333,358443,434375,0.174807482,-0.757439982904285,0.669006780958576,2.56937390961505,-0.490349520453418,-0.363177902412826,26,1.39700191721684,0.525573113075749,4.04306034852524,2.10780633973568
"133","TRTZ_L002","TRTZ","M. laciniatus",1486,"MID",-119.70531698,37.71609798,4.3,361.666666666667,0.243333333333333,0.4,176368,281320,0.373069814,-0.428209889376705,0.633468455579587,2.55830848346489,-0.613798394599206,-0.397940008672038,13,0.948232184774736,0.42147678590086,2.58114264042415,1.72853910721141
"134","TRTZ_L010","TRTZ","M. laciniatus",1486,"MID",-119.70531698,37.71609798,3.56666666666667,474.333333333333,0.22,0.5,93967,144137,0.348071626,-0.458331377962117,0.552262522965547,2.67608364536462,-0.657577319177794,-0.301029995663981,7,0.43269742071071,0.168113908970524,1.54140975146512,1.20208765452789
"135","TWGB_G004","TWGB","M. guttatus",1238,"MID",-119.951305,37.85882,2.06666666666667,217.333333333333,0.393333333333333,0.2,NA,NA,NA,NA,0.315270434778591,2.33712634101226,-0.405239247413537,-0.698970004336019,17,2.35832841181913,0.867752637522407,10.5732625315762,7.56158747717509
"136","TWGB_G007","TWGB","M. guttatus",1238,"MID",-119.951305,37.85882,2.36666666666667,188.333333333333,0.286666666666667,0.266666666666667,194576,221662,0.122195054,-0.91294637235843,0.374137093999413,2.27492719309978,-0.542622803476095,-0.574031267727719,18,1.63892291185799,0.68701386917663,5.14961992951437,3.19502975217882
"137","TWGB_G008","TWGB","M. guttatus",1238,"MID",-119.951305,37.85882,3.2,219.666666666667,0.313333333333333,0.266666666666667,276473,314532,0.121001997,-0.917207462089141,0.505149978319906,2.34176415987435,-0.503993401119964,-0.574031267727719,18,1.77254864611564,0.751656191894833,5.88583517255534,4.02667579123425
"138","WCFB_G003","WCFB","M. guttatus",1380,"MID",-119.719077,37.723593,3.93333333333333,291,0.256666666666667,0.266666666666667,NA,343000,1,0,0.594760752586463,2.46389298898591,-0.590630529547181,-0.574031267727719,7,0.315187638920842,0.140014358744855,1.37051644905918,1.162810112202
"139","WCFB_G005","WCFB","M. guttatus",1380,"MID",-119.719077,37.723593,8.63333333333333,351.333333333333,0.26,0.566666666666667,540160,684304,0.210643223,-0.676452508818402,0.936178509361589,2.54571935615687,-0.585026652029182,-0.246672333341388,18,1.73281735426832,0.761874527600986,5.65656803613466,4.19946673459761
"140","WCFB_G007","WCFB","M. guttatus",1380,"MID",-119.719077,37.723593,5.26666666666667,418.333333333333,0.31,0.733333333333333,276934,336854,0.177881219,-0.749869903041635,0.72153583223476,2.62152247109739,-0.508638306165727,-0.134698573897456,15,1.05829739624293,0.447361536820576,2.88146082439607,1.80950126823752
"141","WCFB_G010","WCFB","M. guttatus",1380,"MID",-119.719077,37.723593,6.16666666666667,520,0.26,0.633333333333333,146020,149170,0.021116847,-1.67537092670286,0.790050473683351,2.7160033436348,-0.585026652029182,-0.198367653766833,20,2.00202199849699,0.77357881165139,7.40401187443917,4.41654779437138
"142","WCFB_G011","WCFB","M. guttatus",1380,"MID",-119.719077,37.723593,3.96666666666667,314.333333333333,0.266666666666667,0.533333333333333,273271,318856,0.142964222,-0.844772634787333,0.598425706672868,2.49739043801767,-0.574031267727719,-0.273001272063738,17,1.6641833489489,0.737775198418797,5.28135846122368,3.81352181017985
"143","WCFB_L004","WCFB","M. laciniatus",1380,"MID",-119.719077,37.723593,4.26666666666667,346,0.28,0.566666666666667,511818,831267,0.38429169,-0.415339006704439,0.630088714928206,2.53907609879278,-0.552841968657781,-0.246672333341388,5,1.36092711439688,0.675871137409599,3.89980719368509,3.08519269776876
"144","WCFB_L006","WCFB","M. laciniatus",1380,"MID",-119.719077,37.723593,2.13333333333333,382.333333333333,0.253333333333333,0.666666666666667,184415,422400,0.563411458,-0.249174325089731,0.329058719264225,2.58244216318161,-0.596307662438871,-0.176091259055681,5,1.16282438367395,0.595155709342561,3.19895560684635,2.47008547008547
"145","WCFB_L010","WCFB","M. laciniatus",1380,"MID",-119.719077,37.723593,3.13333333333333,344,0.376666666666667,0.733333333333333,130891,226777,0.422820656,-0.373843804317094,0.496006598880036,2.53655844257153,-0.424042811236243,-0.134698573897456,29,2.19921780187173,0.817369401063277,9.01795691095221,5.47553370476805
"146","WCFB_L011","WCFB","M. laciniatus",1380,"MID",-119.719077,37.723593,3.03333333333333,360,0.386666666666667,0.833333333333333,134765,235466,0.427666839,-0.368894423340679,0.481920137601431,2.55630250076729,-0.412663265492744,-0.0791812460476248,2,0.265446030809381,0.138115393183337,1.3040124758253,1.16024812613078
"147","WSHB_G001","WSHB","M. guttatus",1235,"MID",-119.647878,37.543343,7.33333333333333,261.666666666667,0.51,NA,220669,244383,0.09703621,-1.01306617430379,0.865301426102544,2.41774840202559,-0.292429823902064,NA,18,2.00765974820754,0.797910329681111,7.44587172705361,4.94829843812424
"148","WSHB_G006","WSHB","M. guttatus",1235,"MID",-119.647878,37.543343,12.7,345,0.49,NA,620778,671060,0.074929216,-1.12534881149178,1.10380372095596,2.53781909507327,-0.309803919971486,NA,16,1.96742893380949,0.779640749483102,7.15226388461865,4.53804411502713
"149","WSHB_G009","WSHB","M. guttatus",1235,"MID",-119.647878,37.543343,6.53333333333333,348,0.626666666666667,NA,535535,566531,0.054711922,-1.2619180284261,0.815134816636814,2.54157924394658,-0.202963405455983,NA,20,1.95811022137907,0.768140477589731,7.08592357744713,4.3129563522111
"150","YCNB_L001","YCNB","M. laciniatus",2357,"HIGH",-119.572754,37.843904,2.46666666666667,280.666666666667,0.216666666666667,NA,76824,113595,0.323702628,-0.489853774736242,0.392110465011314,2.44819083677999,-0.664207898076807,NA,10,1.2649101790146,0.676049097580614,3.54277450632012,3.08688752688024
"151","YCNB_L002","YCNB","M. laciniatus",2357,"HIGH",-119.572754,37.843904,3,389,0.296666666666667,NA,89640,148212,0.395190673,-0.403193313862832,0.477121254719662,2.58994960132571,-0.52773124807475,NA,13,0.595017436638423,0.257352178318905,1.81306255840081,1.34653327028732
"152","YCNB_L004","YCNB","M. laciniatus",2357,"HIGH",-119.572754,37.843904,4.13333333333333,364,0.283333333333333,NA,157001,235458,0.333210169,-0.477281753144013,0.616300430442573,2.56110138364906,-0.54770232900537,NA,10,0.54318587501406,0.241723969593132,1.72148256338944,1.31878097144048
"153","YCNB_L005","YCNB","M. laciniatus",2357,"HIGH",-119.572754,37.843904,4.16666666666667,380.666666666667,0.306666666666667,NA,178324,321544,0.44541338,-0.351236741112288,0.619788758288394,2.58054484919017,-0.513333427374107,NA,16,1.7308284359378,0.749119686527475,5.64532876498097,3.98596440732491
"154","YCNB_L007","YCNB","M. laciniatus",2357,"HIGH",-119.572754,37.843904,4.76666666666667,491,0.38,NA,13114,271046,0.951617069,-0.0215377766956913,0.678214782745399,2.69108149212297,-0.42021640338319,NA,4,1.24028333702417,0.682825484764543,3.45659270671968,3.1528384279476
"155","YCNB_L008","YCNB","M. laciniatus",2357,"HIGH",-119.572754,37.843904,2.96666666666667,303.666666666667,0.4,NA,48313,68944,0.299242864,-0.523976197353882,0.47226875192525,2.48239712225334,-0.397940008672038,NA,10,0.87010569102057,0.407092893952235,2.38716314190047,1.68660484888747
"156","YCNB_L009","YCNB","M. laciniatus",2357,"HIGH",-119.572754,37.843904,4.53333333333333,544.333333333333,0.306666666666667,NA,69788,95792,0.27146317,-0.566289083757499,0.656417653650555,2.73586493001701,-0.513333427374107,NA,5,0.518863748899306,0.255908922589662,1.68011752932422,1.34392150417971
"157","YCNB_L010","YCNB","M. laciniatus",2357,"HIGH",-119.572754,37.843904,3.23333333333333,406.333333333333,0.273333333333333,NA,NA,NA,NA,NA,0.509650479546582,2.60888245089872,-0.563307402335946,NA,13,1.17193883393462,0.613880755304115,3.22824560696809,2.58987350083423
"158","AGFB_L003","AGFB","M. laciniatus",1124,"LOW",-119.570677,37.33823,2.6,299,0.273333333333333,NA,181525,292548,0.379503534,-0.420784175527255,0.414973347970818,2.47567118832443,-0.563307402335946,NA,NA,NA,NA,NA,NA
"159","AGFB_L008","AGFB","M. laciniatus",1124,"LOW",-119.570677,37.33823,1.9,277,0.23,NA,98569,166229,0.407028858,-0.390374798573642,0.278753600952829,2.44247976906445,-0.638272163982407,NA,NA,NA,NA,NA,NA
"160","AGFB_L009","AGFB","M. laciniatus",1124,"LOW",-119.570677,37.33823,2.03333333333333,269.666666666667,0.223333333333333,NA,66523,117327,0.433012009,-0.363500058911967,0.308208580291105,2.43082726689261,-0.651046452018836,NA,NA,NA,NA,NA,NA
"161","AGFB_N001","AGFB","M. nasutus",1124,"LOW",-119.570677,37.33823,4.4,310.666666666667,0.25,0.2,78800,90411,0.128424639,-0.891351646398084,0.643452676486187,2.49229465763432,-0.602059991327962,-0.698970004336019,NA,NA,NA,NA,NA
"162","AGFB_N002","AGFB","M. nasutus",1124,"LOW",-119.570677,37.33823,3.7,358.333333333333,0.23,0.1,71395,82650,0.136176649,-0.865897357033243,0.568201724066995,2.55428720953196,-0.638272163982407,-1,NA,NA,NA,NA,NA
"163","AGFB_N006","AGFB","M. nasutus",1124,"LOW",-119.570677,37.33823,5.03333333333333,317.333333333333,0.24,0.1,157525,181746,0.133268408,-0.875272790251343,0.701855692573507,2.50151569366481,-0.619788758288394,-1,NA,NA,NA,NA,NA
"164","AGFB_N010","AGFB","M. nasutus",1124,"LOW",-119.570677,37.33823,3.53333333333333,328.333333333333,0.276666666666667,0.3,102016,126053,0.190689631,-0.719672921646781,0.548184610545108,2.51631497577795,-0.558043162343589,-0.522878745280338,NA,NA,NA,NA,NA
"165","BHEB_G004","BHEB","M. guttatus",1209,"LOW",-119.393233,37.053544,2.7,415,0.166666666666667,0.133333333333333,750150,800454,0.062844336,-1.20173385807018,0.431363764158987,2.61804809671209,-0.778151250383644,-0.8750612633917,NA,NA,NA,NA,NA
"166","BHEB_G006","BHEB","M. guttatus",1209,"LOW",-119.393233,37.053544,5.06666666666667,496.666666666667,0.333333333333333,0.233333333333333,1137771,1353280,0.159249379,-0.797922252539859,0.70472233322511,2.69606501369261,-0.477121254719662,-0.632023214705406,NA,NA,NA,NA,NA
"167","BHEB_G010","BHEB","M. guttatus",1209,"LOW",-119.393233,37.053544,3.63333333333333,338.333333333333,0.36,0.3,282659,315369,0.10371977,-0.984138454955536,0.560305243220961,2.52934478752957,-0.443697499232713,-0.522878745280338,NA,NA,NA,NA,NA
"168","BHEB_N002","BHEB","M. nasutus",1209,"LOW",-119.393233,37.053544,6.86666666666667,507,0.416666666666667,0.333333333333333,631175,749919,0.158342434,-0.800402683479644,0.836745965649491,2.70500795933334,-0.380211241711606,-0.477121254719662,NA,NA,NA,NA,NA
"169","BHEB_N003","BHEB","M. nasutus",1209,"LOW",-119.393233,37.053544,3.93333333333333,475.333333333333,0.543333333333333,0.466666666666667,639298,691993,0.076149614,-1.11833229374744,0.594760752586463,2.67699827079618,-0.264933650315705,-0.330993219041424,NA,NA,NA,NA,NA
"170","BMLZ_G001","BMLZ","M. guttatus",1730,"MID",-119.314015,37.090625,4.6,355,0.55,0.333333333333333,483020,586252,0.176088099,-0.754269995045127,0.662757831681574,2.55022835305509,-0.259637310505756,-0.477121254719662,NA,NA,NA,NA,NA
"171","BMLZ_G002","BMLZ","M. guttatus",1730,"MID",-119.314015,37.090625,4.96666666666667,346.666666666667,0.48,0.766666666666667,933840,1020695,0.08509398,-1.07010116312645,0.696065013692612,2.53991208457912,-0.318758762624413,-0.11539341870207,NA,NA,NA,NA,NA
"172","BMLZ_G003","BMLZ","M. guttatus",1730,"MID",-119.314015,37.090625,5.23333333333333,330,0.586666666666667,0.633333333333333,356347,381527,0.06599795,-1.18046955411745,0.718778397689571,2.51851393987789,-0.231608586905513,-0.198367653766833,NA,NA,NA,NA,NA
"173","BMLZ_G004","BMLZ","M. guttatus",1730,"MID",-119.314015,37.090625,4.43333333333333,366.666666666667,0.39,0.633333333333333,1498054,1629691,0.080774208,-1.09272729159464,0.646730386247423,2.56427143043856,-0.408935392973501,-0.198367653766833,NA,NA,NA,NA,NA
"174","BMLZ_G005","BMLZ","M. guttatus",1730,"MID",-119.314015,37.090625,4.23333333333333,440,0.663333333333333,0.9,456220,506858,0.099905694,-1.00040975899815,0.626682466236294,2.64345267648619,-0.178268178309956,-0.0457574905606751,NA,NA,NA,NA,NA
"175","BMLZ_L001","BMLZ","M. laciniatus",1730,"MID",-119.314015,37.090625,3.1,261.333333333333,0.29,0.766666666666667,291407,399990,0.271464287,-0.566287296752882,0.491361693834273,2.41719480796478,-0.537602002101044,-0.11539341870207,NA,NA,NA,NA,NA
"176","BMLZ_L002","BMLZ","M. laciniatus",1730,"MID",-119.314015,37.090625,3.2,285,0.32,0.6,147308,167372,0.119876682,-0.92126528615543,0.505149978319906,2.45484486000851,-0.494850021680094,-0.221848749616356,NA,NA,NA,NA,NA
"177","BMLZ_L003","BMLZ","M. laciniatus",1730,"MID",-119.314015,37.090625,2.1,233.333333333333,0.313333333333333,0.4,128616,198566,0.352275818,-0.453117167972922,0.322219294733919,2.36797678529459,-0.503993401119964,-0.397940008672038,NA,NA,NA,NA,NA
"178","BMLZ_L004","BMLZ","M. laciniatus",1730,"MID",-119.314015,37.090625,4,333.333333333333,0.246666666666667,0.45,135531,147598,0.08175585,-1.08748116182584,0.602059991327962,2.52287874528034,-0.607889534988686,-0.346787486224656,NA,NA,NA,NA,NA
"179","BMLZ_L005","BMLZ","M. laciniatus",1730,"MID",-119.314015,37.090625,4.7,296.666666666667,0.256666666666667,0.7,241503,277180,0.128714193,-0.890373561862297,0.672097857935718,2.47226875192525,-0.590630529547181,-0.154901959985743,NA,NA,NA,NA,NA
"180","CCNB_B001","CCNB","M. bicolor",1997,"HIGH",-119.963252,38.183927,10.0666666666667,358,0.236666666666667,0.6,77513,86067,0.099387686,-1.00266742076904,1.00288568823749,2.55388302664387,-0.625862906000587,-0.221848749616356,NA,NA,NA,NA,NA
"181","CCNB_B002","CCNB","M. bicolor",1997,"HIGH",-119.963252,38.183927,14.4,312.666666666667,0.226666666666667,0.35,64515,67921,0.050146494,-1.29975942534905,1.15836249209525,2.4950815836594,-0.644612342013426,-0.455931955649724,NA,NA,NA,NA,NA
"182","CCNB_B003","CCNB","M. bicolor",1997,"HIGH",-119.963252,38.183927,9.13333333333333,337,0.346666666666667,NA,38839,40749,0.046872316,-1.32908358709916,0.960629308100726,2.52762990087134,-0.460087915420882,NA,NA,NA,NA,NA,NA
"183","CCNB_B004","CCNB","M. bicolor",1997,"HIGH",-119.963252,38.183927,4.45,272.666666666667,NA,NA,35882,37243,0.03654378,-1.43718653229176,0.648360010980932,2.43563204895166,NA,NA,NA,NA,NA,NA,NA
"184","CCNB_G001","CCNB","M. guttatus",1997,"HIGH",-119.963252,38.183927,4.36666666666667,237.666666666667,0.273333333333333,0.3,109885,133997,0.179944327,-0.744861840544452,0.640150040936102,2.3759682751322,-0.563307402335946,-0.522878745280338,NA,NA,NA,NA,NA
"185","CCNB_G002","CCNB","M. guttatus",1997,"HIGH",-119.963252,38.183927,NA,222,NA,NA,35412,41434,0.145339576,-0.837616111110757,NA,2.34635297445064,NA,NA,NA,NA,NA,NA,NA
"186","CCNB_G003","CCNB","M. guttatus",1997,"HIGH",-119.963252,38.183927,2.76666666666667,240,0.393333333333333,NA,64813,72923,0.111213197,-0.953843674586607,0.441956837656411,2.38021124171161,-0.405239247413537,NA,NA,NA,NA,NA,NA
"187","CCNB_G005","CCNB","M. guttatus",1997,"HIGH",-119.963252,38.183927,3.56666666666667,255.333333333333,0.303333333333333,0.5,107411,119700,0.102664996,-0.98857760543238,0.552262522965547,2.40710751491294,-0.518079862398569,-0.301029995663981,NA,NA,NA,NA,NA
"188","CCNB_G006","CCNB","M. guttatus",1997,"HIGH",-119.963252,38.183927,3.83333333333333,238.333333333333,0.266666666666667,0.333333333333333,152721,185212,0.175425998,-0.755906044087104,0.583576585633949,2.37718478708142,-0.574031267727719,-0.477121254719662,NA,NA,NA,NA,NA
"189","CCNB_G007","CCNB","M. guttatus",1997,"HIGH",-119.963252,38.183927,4.73333333333333,273.333333333333,0.293333333333333,NA,129697,152763,0.15099206,-0.821045889719082,0.675167089663394,2.43669259766405,-0.532638582569494,NA,NA,NA,NA,NA,NA
"190","CCNB_G008","CCNB","M. guttatus",1997,"HIGH",-119.963252,38.183927,3.76666666666667,225.666666666667,0.303333333333333,NA,77630,88418,0.122011355,-0.913599749781288,0.575957188763757,2.35346741396548,-0.518079862398569,NA,NA,NA,NA,NA,NA
"191","CCNB_G009","CCNB","M. guttatus",1997,"HIGH",-119.963252,38.183927,2.96666666666667,219,0.27,NA,83637,93374,0.104279564,-0.98180079331489,0.47226875192525,2.34044411484012,-0.568636235841013,NA,NA,NA,NA,NA,NA
"192","CCNB_G010","CCNB","M. guttatus",1997,"HIGH",-119.963252,38.183927,6.1,230,0.296666666666667,0.333333333333333,115820,126550,0.084788621,-1.07166242803223,0.785329835010767,2.36172783601759,-0.52773124807475,-0.477121254719662,NA,NA,NA,NA,NA
"193","CCNB_G011","CCNB","M. guttatus",1997,"HIGH",-119.963252,38.183927,3.46666666666667,221,0.333333333333333,NA,101690,119469,0.148816848,-0.827347898230825,0.539912084579118,2.34439227368511,-0.477121254719662,NA,NA,NA,NA,NA,NA
"194","CCNB_G012","CCNB","M. guttatus",1997,"HIGH",-119.963252,38.183927,2.86666666666667,229.333333333333,0.346666666666667,NA,153620,172884,0.111427315,-0.953008334300062,0.457377196523905,2.36046718351585,-0.460087915420882,NA,NA,NA,NA,NA,NA
"195","CFZZ_G001","CFZZ","M. guttatus",1901,"HIGH",-119.802952,37.755986,2.06666666666667,215.333333333333,0.17,0.0666666666666667,NA,NA,NA,NA,0.315270434778591,2.33311126327542,-0.769551078621726,-1.17609125905568,NA,NA,NA,NA,NA
"196","CFZZ_G002","CFZZ","M. guttatus",1901,"HIGH",-119.802952,37.755986,2.6,252.666666666667,0.15,0.333333333333333,NA,NA,NA,NA,0.414973347970818,2.40254795091239,-0.823908740944319,-0.477121254719662,NA,NA,NA,NA,NA
"197","CFZZ_G003","CFZZ","M. guttatus",1901,"HIGH",-119.802952,37.755986,2.3,251,0.163333333333333,0.233333333333333,NA,NA,NA,NA,0.361727836017593,2.39967372148104,-0.786925174691149,-0.632023214705406,NA,NA,NA,NA,NA
"198","CFZZ_G005","CFZZ","M. guttatus",1901,"HIGH",-119.802952,37.755986,2.23333333333333,207,0.166666666666667,0.166666666666667,NA,NA,NA,NA,0.348953547981164,2.31597034545692,-0.778151250383644,-0.778151250383644,NA,NA,NA,NA,NA
"199","CFZZ_G006","CFZZ","M. guttatus",1901,"HIGH",-119.802952,37.755986,2.13333333333333,232,0.186666666666667,0.166666666666667,NA,NA,NA,NA,0.329058719264225,2.3654879848909,-0.728933227713462,-0.778151250383644,NA,NA,NA,NA,NA
"200","CFZZ_G007","CFZZ","M. guttatus",1901,"HIGH",-119.802952,37.755986,2.46666666666667,247,0.163333333333333,0.0666666666666667,NA,NA,NA,NA,0.392110465011314,2.39269695325967,-0.786925174691149,-1.17609125905568,NA,NA,NA,NA,NA
"201","CFZZ_G009","CFZZ","M. guttatus",1901,"HIGH",-119.802952,37.755986,2.6,220.333333333333,0.17,0.133333333333333,NA,NA,NA,NA,0.414973347970818,2.34308020476598,-0.769551078621726,-0.8750612633917,NA,NA,NA,NA,NA
"202","CFZZ_G010","CFZZ","M. guttatus",1901,"HIGH",-119.802952,37.755986,2.6,216.666666666667,0.156666666666667,0.1,NA,NA,NA,NA,0.414973347970818,2.33579210192319,-0.805023396783945,-1,NA,NA,NA,NA,NA
"203","FVWB_G001","FVWB","M. guttatus",1757,"MID",-119.702719,37.698587,6.1,325.666666666667,0.316666666666667,0.6,293186,308689,0.050222068,-1.29910540825995,0.785329835010767,2.51277330899911,-0.499397649430815,-0.221848749616356,NA,NA,NA,NA,NA
"204","FVWB_G002","FVWB","M. guttatus",1757,"MID",-119.702719,37.698587,NA,NA,NA,NA,131604,145131,0.093205449,-1.03055869707246,NA,NA,NA,NA,NA,NA,NA,NA,NA
"205","HDRB_G004","HDRB","M. guttatus",1037,"LOW",-119.534709,37.288671,5,354,0.42,0.7,476655,528178,0.097548554,-1.01077916393707,0.698970004336019,2.54900326202579,-0.3767507096021,-0.154901959985743,NA,NA,NA,NA,NA
"206","HDRB_G007","HDRB","M. guttatus",1037,"LOW",-119.534709,37.288671,15.0666666666667,360.666666666667,0.51,0.633333333333333,268384,297014,0.096392763,-1.0159555709431,1.17801718009172,2.55710600605089,-0.292429823902064,-0.198367653766833,NA,NA,NA,NA,NA
"207","HDRB_G009","HDRB","M. guttatus",1037,"LOW",-119.534709,37.288671,3.46666666666667,280,0.566666666666667,0.4,199712,230738,0.134464197,-0.871393337336137,0.539912084579118,2.44715803134222,-0.246672333341388,-0.397940008672038,NA,NA,NA,NA,NA
"208","HHBB_G003","HHBB","M. guttatus",1199,"LOW",-119.778553,37.959056,2.7,193,0.143333333333333,0.1,NA,NA,NA,NA,0.431363764158987,2.28555730900777,-0.843652799140076,-1,NA,NA,NA,NA,NA
"209","HHBB_G006","HHBB","M. guttatus",1199,"LOW",-119.778553,37.959056,2.03333333333333,248.666666666667,0.126666666666667,0.05,NA,NA,NA,NA,0.308208580291105,2.39561757275301,-0.897337658102852,-1.30102999566398,NA,NA,NA,NA,NA
"210","HHBB_G007","HHBB","M. guttatus",1199,"LOW",-119.778553,37.959056,2.76666666666667,305,0.256666666666667,0.15,NA,NA,NA,NA,0.441956837656411,2.48429983934679,-0.590630529547181,-0.823908740944319,NA,NA,NA,NA,NA
"211","HHBB_G008","HHBB","M. guttatus",1199,"LOW",-119.778553,37.959056,2.23333333333333,222.333333333333,0.143333333333333,0.1,NA,NA,NA,NA,0.348953547981164,2.34700457919689,-0.843652799140076,-1,NA,NA,NA,NA,NA
"212","HHBB_L001","HHBB","M. laciniatus",1199,"LOW",-119.778553,37.959056,NA,546.666666666667,0.543333333333333,NA,NA,NA,NA,NA,NA,2.73772259332804,-0.264933650315705,NA,NA,NA,NA,NA,NA
"213","HHBB_L004","HHBB","M. laciniatus",1199,"LOW",-119.778553,37.959056,NA,405.666666666667,0.736666666666667,NA,NA,NA,NA,NA,NA,2.6081693235104,-0.132728981034552,NA,NA,NA,NA,NA,NA
"214","HHBB_L005","HHBB","M. laciniatus",1199,"LOW",-119.778553,37.959056,NA,430.666666666667,0.593333333333333,NA,NA,NA,NA,NA,NA,2.6341412589394,-0.226701252410768,NA,NA,NA,NA,NA,NA
"215","HHBB_L006","HHBB","M. laciniatus",1199,"LOW",-119.778553,37.959056,NA,375.333333333333,0.576666666666667,NA,NA,NA,NA,NA,NA,2.57441713579566,-0.239075151590867,NA,NA,NA,NA,NA,NA
"216","HHBB_L007","HHBB","M. laciniatus",1199,"LOW",-119.778553,37.959056,NA,309.333333333333,0.446666666666667,0.3,NA,NA,NA,NA,NA,2.4904267214992,-0.350016456354855,-0.522878745280338,NA,NA,NA,NA,NA
"217","HULB_G001","HULB","M. guttatus",2178,"HIGH",-119.14962,37.23553,3.06666666666667,236.333333333333,0.256666666666667,0.266666666666667,96196,100477,0.042606766,-1.37052142899261,0.486666572625893,2.3735249804634,-0.590630529547181,-0.574031267727719,NA,NA,NA,NA,NA
"218","HULB_G002","HULB","M. guttatus",2178,"HIGH",-119.14962,37.23553,2.86666666666667,303,0.23,0.2,149343,156454,0.045451059,-1.34245599335514,0.457377196523905,2.4814426285023,-0.638272163982407,-0.698970004336019,NA,NA,NA,NA,NA
"219","HULB_G003","HULB","M. guttatus",2178,"HIGH",-119.14962,37.23553,3.2,265.666666666667,0.2,0.266666666666667,249281,267548,0.068275599,-1.16573448099045,0.505149978319906,2.42433706667645,-0.698970004336019,-0.574031267727719,NA,NA,NA,NA,NA
"220","HULB_G004","HULB","M. guttatus",2178,"HIGH",-119.14962,37.23553,3.2,285.666666666667,0.22,0.266666666666667,174850,179590,0.026393452,-1.57850380468302,0.505149978319906,2.45585956720354,-0.657577319177794,-0.574031267727719,NA,NA,NA,NA,NA
"221","HULB_G005","HULB","M. guttatus",2178,"HIGH",-119.14962,37.23553,2.6,299,0.236666666666667,0.166666666666667,85104,89634,0.050538858,-1.29637457582928,0.414973347970818,2.47567118832443,-0.625862906000587,-0.778151250383644,NA,NA,NA,NA,NA
"222","HULB_L001","HULB","M. laciniatus",2178,"HIGH",-119.14962,37.23553,4.36666666666667,421.666666666667,0.34,0.4,316357,1232876,0.743399174,-0.128777925789985,0.640150040936102,2.62496927079217,-0.468521082957745,-0.397940008672038,NA,NA,NA,NA,NA
"223","HULB_L003","HULB","M. laciniatus",2178,"HIGH",-119.14962,37.23553,4.56666666666667,446.666666666667,0.213333333333333,0.3,311128,701605,0.5565482,-0.254497217515171,0.659599312436744,2.64998354364515,-0.670941280735775,-0.522878745280338,NA,NA,NA,NA,NA
"224","HULB_L004","HULB","M. laciniatus",2178,"HIGH",-119.14962,37.23553,5.36666666666667,501.333333333333,0.31,0.433333333333333,131950,422920,0.688002459,-0.162410009543235,0.729704621312187,2.70012658153596,-0.508638306165727,-0.363177902412826,NA,NA,NA,NA,NA
"225","HULB_L005","HULB","M. laciniatus",2178,"HIGH",-119.14962,37.23553,5.53333333333333,490,0.2,0.433333333333333,354362,893852,0.603556293,-0.219282217531623,0.742986833320393,2.69019608002851,-0.698970004336019,-0.363177902412826,NA,NA,NA,NA,NA
"226","HUOB_G001","HUOB","M. guttatus",1851,"HIGH",-119.273507,37.150723,4.3,310,0.42,0.466666666666667,130522,164027,0.204265151,-0.689805720589135,0.633468455579587,2.49136169383427,-0.3767507096021,-0.330993219041424,NA,NA,NA,NA,NA
"227","HUOB_G002","HUOB","M. guttatus",1851,"HIGH",-119.273507,37.150723,7,460,3.55,0.7,235065,276330,0.14933232,-0.825846187729787,0.845098040014257,2.66275783168157,0.550228353055094,-0.154901959985743,NA,NA,NA,NA,NA
"228","HUOB_G003","HUOB","M. guttatus",1851,"HIGH",-119.273507,37.150723,4.36666666666667,310.666666666667,0.29,0.366666666666667,267134,331178,0.193382411,-0.713583029493056,0.640150040936102,2.49229465763432,-0.537602002101044,-0.435728569561437,NA,NA,NA,NA,NA
"229","HUOB_G004","HUOB","M. guttatus",1851,"HIGH",-119.273507,37.150723,5.53333333333333,345,0.42,0.633333333333333,90458,96204,0.059727246,-1.22382750994031,0.742986833320393,2.53781909507327,-0.3767507096021,-0.198367653766833,NA,NA,NA,NA,NA
"230","HUOB_G005","HUOB","M. guttatus",1851,"HIGH",-119.273507,37.150723,4.06666666666667,360,0.586666666666667,0.733333333333333,114060,141686,0.19498045,-0.710008931626,0.609238575955086,2.55630250076729,-0.231608586905513,-0.134698573897456,NA,NA,NA,NA,NA
"231","HUOB_G032","HUOB","M. guttatus",1851,"HIGH",-119.273507,37.150723,6.33333333333333,305,0.56,0.633333333333333,184956,215374,0.141233389,-0.850062619542925,0.801632346233166,2.48429983934679,-0.2518119729938,-0.198367653766833,NA,NA,NA,NA,NA
"232","HUOB_G042","HUOB","M. guttatus",1851,"HIGH",-119.273507,37.150723,5.46666666666667,323,0.513333333333333,0.566666666666667,263871,289663,0.089041403,-1.05040800556511,0.737722593328035,2.5092025223311,-0.289600533883199,-0.246672333341388,NA,NA,NA,NA,NA
"233","HUOB_G052","HUOB","M. guttatus",1851,"HIGH",-119.273507,37.150723,5.6,278,0.536666666666667,0.633333333333333,211605,222777,0.050148804,-1.29973942001932,0.7481880270062,2.44404479591808,-0.270295378687813,-0.198367653766833,NA,NA,NA,NA,NA
"234","HUOB_G072","HUOB","M. guttatus",1851,"HIGH",-119.273507,37.150723,4.96666666666667,292,0.496666666666667,0.7,99283,106366,0.066590828,-1.17658558499339,0.696065013692612,2.46538285144842,-0.303934986307388,-0.154901959985743,NA,NA,NA,NA,NA
"235","HUOB_G102","HUOB","M. guttatus",1851,"HIGH",-119.273507,37.150723,3.06666666666667,264.333333333333,0.443333333333333,0.333333333333333,199827,214772,0.069585421,-1.1574817408848,0.486666572625893,2.42215193259794,-0.353269613752577,-0.477121254719662,NA,NA,NA,NA,NA
"236","HUOB_G122","HUOB","M. guttatus",1851,"HIGH",-119.273507,37.150723,5.03333333333333,249.333333333333,0.423333333333333,0.633333333333333,158727,174575,0.090780467,-1.04200758745568,0.701855692573507,2.3967803431448,-0.373317533763706,-0.198367653766833,NA,NA,NA,NA,NA
"237","HUOB_N002","HUOB","M. nasutus",1851,"HIGH",-119.273507,37.150723,7.43333333333333,340,0.413333333333333,0.6,270892,339751,0.2026749,-0.693200032591968,0.871183608328498,2.53147891704225,-0.383699569557427,-0.221848749616356,NA,NA,NA,NA,NA
"238","HUOB_N004","HUOB","M. nasutus",1851,"HIGH",-119.273507,37.150723,6.16666666666667,310,0.36,0.766666666666667,326654,385908,0.153544368,-0.813766108829379,0.790050473683351,2.49136169383427,-0.443697499232713,-0.11539341870207,NA,NA,NA,NA,NA
"239","KNOB_L005","KNOB","M. laciniatus",2572,"HIGH",-119.440369,37.853852,5.13333333333333,446,0.24,NA,112924,337920,0.665826231,-0.176639099305288,0.710399466116801,2.64933485871214,-0.619788758288394,NA,NA,NA,NA,NA,NA
"240","KNOB_L006","KNOB","M. laciniatus",2572,"HIGH",-119.440369,37.853852,3.2,416.666666666667,0.266666666666667,NA,105614,169955,0.378576682,-0.421846139422934,0.505149978319906,2.61978875828839,-0.574031267727719,NA,NA,NA,NA,NA,NA
"241","KNOB_L007","KNOB","M. laciniatus",2572,"HIGH",-119.440369,37.853852,3.66666666666667,367,0.24,NA,145895,349944,0.583090437,-0.234264081186034,0.564271430438563,2.56466606425209,-0.619788758288394,NA,NA,NA,NA,NA,NA
"242","LMZZ_G001","LMZZ","M. guttatus",2157,"HIGH",-119.772719,37.767781,2.63333333333333,341.666666666667,0.35,0.366666666666667,NA,NA,NA,NA,0.420505836570779,2.53360261067211,-0.455931955649724,-0.435728569561437,NA,NA,NA,NA,NA
"243","LMZZ_G003","LMZZ","M. guttatus",2157,"HIGH",-119.772719,37.767781,2.9,366.666666666667,0.326666666666667,0.2,NA,NA,NA,NA,0.462397997898956,2.56427143043856,-0.485895179027168,-0.698970004336019,NA,NA,NA,NA,NA
"244","LMZZ_G005","LMZZ","M. guttatus",2157,"HIGH",-119.772719,37.767781,2.2,277.333333333333,0.353333333333333,0.2,NA,NA,NA,NA,0.342422680822206,2.44300207157106,-0.451815389454892,-0.698970004336019,NA,NA,NA,NA,NA
"245","LMZZ_G007","LMZZ","M. guttatus",2157,"HIGH",-119.772719,37.767781,2.3,312.333333333333,0.303333333333333,0.266666666666667,NA,NA,NA,NA,0.361727836017593,2.49461833616812,-0.518079862398569,-0.574031267727719,NA,NA,NA,NA,NA
"246","LMZZ_G009","LMZZ","M. guttatus",2157,"HIGH",-119.772719,37.767781,2.73333333333333,375.666666666667,0.246666666666667,0.3,NA,NA,NA,NA,0.436692597664054,2.57480266132644,-0.607889534988686,-0.522878745280338,NA,NA,NA,NA,NA
"247","LMZZ_G010","LMZZ","M. guttatus",2157,"HIGH",-119.772719,37.767781,2.3,355,0.363333333333333,0.433333333333333,NA,NA,NA,NA,0.361727836017593,2.55022835305509,-0.439694756779039,-0.363177902412826,NA,NA,NA,NA,NA
"248","LYFB_G001","LYFB","M. guttatus",1565,"MID",-119.601395,37.748823,6.1,359,0.376666666666667,0.2,660262,683865,0.034514122,-1.46200317009271,0.785329835010767,2.55509444857832,-0.424042811236243,-0.698970004336019,NA,NA,NA,NA,NA
"249","LYFB_G002","LYFB","M. guttatus",1565,"MID",-119.601395,37.748823,5.23333333333333,428.333333333333,0.506666666666667,0.3,988841,1044844,0.053599389,-1.27084016096844,0.718778397689571,2.63178187294765,-0.29527766677489,-0.522878745280338,NA,NA,NA,NA,NA
"250","LYFB_G003","LYFB","M. guttatus",1565,"MID",-119.601395,37.748823,6.7,558.333333333333,0.483333333333333,0.233333333333333,1092210,1164549,0.062117609,-1.20678526926818,0.826074802700826,2.7468935566532,-0.315753252484688,-0.632023214705406,NA,NA,NA,NA,NA
"251","LYFB_G004","LYFB","M. guttatus",1565,"MID",-119.601395,37.748823,5.33333333333333,550,0.57,0.233333333333333,1093961,1162816,0.059214012,-1.22757551263134,0.726998727936262,2.74036268949424,-0.244125144327509,-0.632023214705406,NA,NA,NA,NA,NA
"252","LYFB_G005","LYFB","M. guttatus",1565,"MID",-119.601395,37.748823,5.53333333333333,490,0.456666666666667,0.3,1259328,1340380,0.060469419,-1.21846420414594,0.742986833320393,2.69019608002851,-0.340400687563256,-0.522878745280338,NA,NA,NA,NA,NA
"253","NFWB_L001","NFWB","M. laciniatus",875,"LOW",-119.521415,37.257397,2.4,251,0.175,0.2,154535,199397,0.22498834,-0.647839988576967,0.380211241711606,2.39967372148104,-0.756961951313706,-0.698970004336019,NA,NA,NA,NA,NA
"254","NFWB_L002","NFWB","M. laciniatus",875,"LOW",-119.521415,37.257397,3.43333333333333,295.333333333333,0.196666666666667,0.3,263708,431883,0.389399444,-0.409604672918464,0.53571596998551,2.47031246716739,-0.706269243077518,-0.522878745280338,NA,NA,NA,NA,NA
"255","NFWB_L003","NFWB","M. laciniatus",875,"LOW",-119.521415,37.257397,2.46666666666667,228.333333333333,0.283333333333333,0.4,150960,289500,0.478549223,-0.320073384579249,0.392110465011314,2.35856931677276,-0.54770232900537,-0.397940008672038,NA,NA,NA,NA,NA
"256","NFWB_L005","NFWB","M. laciniatus",875,"LOW",-119.521415,37.257397,2.6,237,0.156666666666667,0.166666666666667,244858,379434,0.354675648,-0.450168629126835,0.414973347970818,2.3747483460101,-0.805023396783945,-0.778151250383644,NA,NA,NA,NA,NA
"257","NFWB_L007","NFWB","M. laciniatus",875,"LOW",-119.521415,37.257397,2.63333333333333,298.666666666667,0.27,0.533333333333333,102959,132772,0.224542825,-0.648700817745297,0.420505836570779,2.47518675494246,-0.568636235841013,-0.273001272063738,NA,NA,NA,NA,NA
"258","NFWB_L008","NFWB","M. laciniatus",875,"LOW",-119.521415,37.257397,2.93333333333333,285,0.263333333333333,0.366666666666667,155694,204188,0.237496817,-0.62434220653848,0.467361417430506,2.45484486000851,-0.579494163429221,-0.435728569561437,NA,NA,NA,NA,NA
"259","NFWB_L009","NFWB","M. laciniatus",875,"LOW",-119.521415,37.257397,2.93333333333333,251.333333333333,0.136666666666667,0.233333333333333,226207,343130,0.340754233,-0.467558740461379,0.467361417430506,2.40025009115011,-0.864337397999927,-0.632023214705406,NA,NA,NA,NA,NA
"260","NFWB_N001","NFWB","M. nasutus",875,"LOW",-119.521415,37.257397,2.03333333333333,170,0.15,0.166666666666667,384743,401506,0.04175031,-1.37934029549081,0.308208580291105,2.23044892137827,-0.823908740944319,-0.778151250383644,NA,NA,NA,NA,NA
"261","NFWB_N003","NFWB","M. nasutus",875,"LOW",-119.521415,37.257397,2.13333333333333,204.333333333333,0.14,0.1,584475,639798,0.086469479,-1.06313715774817,0.329058719264225,2.31033921979875,-0.853871964321762,-1,NA,NA,NA,NA,NA
"262","NFWB_N004","NFWB","M. nasutus",875,"LOW",-119.521415,37.257397,2.23333333333333,265,0.136666666666667,0.1,215866,252884,0.146383322,-0.834508401255591,0.348953547981164,2.42324587393681,-0.864337397999927,-1,NA,NA,NA,NA,NA
"263","NFWB_N005","NFWB","M. nasutus",875,"LOW",-119.521415,37.257397,1.86666666666667,192,0.136666666666667,0.1,232627,251014,0.073250894,-1.13518707053839,0.271066772286538,2.28330122870355,-0.864337397999927,-1,NA,NA,NA,NA,NA
"264","NFWB_N009","NFWB","M. nasutus",875,"LOW",-119.521415,37.257397,2.5,305,0.176666666666667,0.133333333333333,375438,406291,0.075938182,-1.11953980430998,0.397940008672038,2.48429983934679,-0.752845385118873,-0.8750612633917,NA,NA,NA,NA,NA
"265","OPNZ_L001","OPNZ","M. laciniatus",2506,"HIGH",-119.486313176147,37.8072315532725,NA,338,NA,NA,NA,NA,NA,NA,NA,2.52891670027765,NA,NA,NA,NA,NA,NA,NA
"266","OPNZ_L002","OPNZ","M. laciniatus",2506,"HIGH",-119.486313176147,37.8072315532725,0.27,492.333333333333,NA,NA,NA,NA,NA,NA,-0.568636235841013,2.69225924059229,NA,NA,NA,NA,NA,NA,NA
"267","OPNZ_L003","OPNZ","M. laciniatus",2506,"HIGH",-119.486313176147,37.8072315532725,NA,315.666666666667,NA,NA,NA,NA,NA,NA,NA,2.49922872428361,NA,NA,NA,NA,NA,NA,NA
"268","OPNZ_L004","OPNZ","M. laciniatus",2506,"HIGH",-119.486313176147,37.8072315532725,NA,311.666666666667,NA,NA,NA,NA,NA,NA,NA,2.49369035615286,NA,NA,NA,NA,NA,NA,NA
"269","OPNZ_L005","OPNZ","M. laciniatus",2506,"HIGH",-119.486313176147,37.8072315532725,NA,321.666666666667,NA,NA,NA,NA,NA,NA,NA,2.50740605862413,NA,NA,NA,NA,NA,NA,NA
"270","OPNZ_L006","OPNZ","M. laciniatus",2506,"HIGH",-119.486313176147,37.8072315532725,NA,379.666666666667,NA,NA,NA,NA,NA,NA,NA,2.57940246935944,NA,NA,NA,NA,NA,NA,NA
"271","OPNZ_L007","OPNZ","M. laciniatus",2506,"HIGH",-119.486313176147,37.8072315532725,NA,412,NA,NA,NA,NA,NA,NA,NA,2.61489721603313,NA,NA,NA,NA,NA,NA,NA
"272","OPNZ_L008","OPNZ","M. laciniatus",2506,"HIGH",-119.486313176147,37.8072315532725,NA,283.666666666667,NA,NA,NA,NA,NA,NA,NA,2.45280830536493,NA,NA,NA,NA,NA,NA,NA
"273","OPNZ_L009","OPNZ","M. laciniatus",2506,"HIGH",-119.486313176147,37.8072315532725,NA,337.666666666667,NA,NA,NA,NA,NA,NA,NA,2.52848819064062,NA,NA,NA,NA,NA,NA,NA
"274","OPNZ_L102","OPNZ","M. laciniatus",2506,"HIGH",-119.486313176147,37.8072315532725,2.66666666666667,289.666666666667,0.153333333333333,NA,278923,378895,0.263851463,-0.578640493410051,0.425968732272281,2.461898521729,-0.814363423038088,NA,NA,NA,NA,NA,NA
"275","OPNZ_L106","OPNZ","M. laciniatus",2506,"HIGH",-119.486313176147,37.8072315532725,4.2,307.333333333333,0.176666666666667,NA,103698,149064,0.304339076,-0.516642282273268,0.6232492903979,2.48760966633397,-0.752845385118873,NA,NA,NA,NA,NA,NA
"276","OPNZ_L108","OPNZ","M. laciniatus",2506,"HIGH",-119.486313176147,37.8072315532725,3,380,0.303333333333333,NA,100404,188939,0.468590392,-0.32920662044277,0.477121254719662,2.57978359661681,-0.518079862398569,NA,NA,NA,NA,NA,NA
"277","OPNZ_L109","OPNZ","M. laciniatus",2506,"HIGH",-119.486313176147,37.8072315532725,2.76666666666667,301.666666666667,0.206666666666667,NA,93041,117711,0.209581093,-0.678647899055382,0.441956837656411,2.47952732448554,-0.684729565221409,NA,NA,NA,NA,NA,NA
"278","OPNZ_L110","OPNZ","M. laciniatus",2506,"HIGH",-119.486313176147,37.8072315532725,3.65,415,0.25,NA,79015,168897,0.532170494,-0.273949208417133,0.562292864456475,2.61804809671209,-0.602059991327962,NA,NA,NA,NA,NA,NA
"279","OSKB_L003","OSKB","M. laciniatus",2399,"HIGH",-119.594572,37.842693,NA,317.666666666667,0.446666666666667,NA,145524,537186,0.729099418,-0.137213248437937,NA,2.50197164591866,-0.350016456354855,NA,NA,NA,NA,NA,NA
"280","OSKB_L006","OSKB","M. laciniatus",2399,"HIGH",-119.594572,37.842693,NA,292.333333333333,0.376666666666667,NA,36064,102575,0.648413356,-0.188148048145914,NA,2.46587833864638,-0.424042811236243,NA,NA,NA,NA,NA,NA
"281","SDSB_B001","SDSB","M. bicolor",1679,"MID",-120.094614,38.136194,15.9,331.666666666667,0.276666666666667,1.1,92037,102703,0.103852857,-0.983581551490291,1.20139712432045,2.52070182602606,-0.558043162343589,0.0413926851582251,NA,NA,NA,NA,NA
"282","SDSB_B002","SDSB","M. bicolor",1679,"MID",-120.094614,38.136194,6.9,314.333333333333,0.246666666666667,NA,45423,49838,0.088587022,-1.05262989760079,0.838849090737255,2.49739043801767,-0.607889534988686,NA,NA,NA,NA,NA,NA
"283","SDSB_B003","SDSB","M. bicolor",1679,"MID",-120.094614,38.136194,3.56666666666667,282.666666666667,0.286666666666667,NA,51012,55539,0.08151029,-1.08878756171246,0.552262522965547,2.45127459753705,-0.542622803476095,NA,NA,NA,NA,NA,NA
"284","SDSB_B004","SDSB","M. bicolor",1679,"MID",-120.094614,38.136194,6.53333333333333,296.333333333333,0.23,0.5,106770,121691,0.122613833,-0.911460530986657,0.815134816636814,2.47178050625055,-0.638272163982407,-0.301029995663981,NA,NA,NA,NA,NA
"285","SDSB_B005","SDSB","M. bicolor",1679,"MID",-120.094614,38.136194,4.6,301.333333333333,0.22,NA,61698,66651,0.074312463,-1.12893834427138,0.662757831681574,2.4790471757557,-0.657577319177794,NA,NA,NA,NA,NA,NA
"286","SDSB_G001","SDSB","M. guttatus",1679,"MID",-120.094614,38.136194,3.76666666666667,325.666666666667,0.403333333333333,0.633333333333333,250117,285527,0.124016293,-0.906521254392919,0.575957188763757,2.51277330899911,-0.394335884403212,-0.198367653766833,NA,NA,NA,NA,NA
"287","SDSB_G006","SDSB","M. guttatus",1679,"MID",-120.094614,38.136194,3.93333333333333,271.666666666667,0.3,0.333333333333333,162680,184438,0.117969182,-0.92823143197697,0.594760752586463,2.43403635402031,-0.522878745280338,-0.477121254719662,NA,NA,NA,NA,NA
"288","SDSB_G007","SDSB","M. guttatus",1679,"MID",-120.094614,38.136194,2.73333333333333,272,0.4,0.566666666666667,168951,201403,0.161129675,-0.79282446887982,0.436692597664054,2.4345689040342,-0.397940008672038,-0.246672333341388,NA,NA,NA,NA,NA
"289","SDSB_G009","SDSB","M. guttatus",1679,"MID",-120.094614,38.136194,4.13333333333333,300,0.376666666666667,0.566666666666667,207327,239750,0.135236705,-0.868905419226519,0.616300430442573,2.47712125471966,-0.424042811236243,-0.246672333341388,NA,NA,NA,NA,NA
"290","SDSB_G010","SDSB","M. guttatus",1679,"MID",-120.094614,38.136194,3.43333333333333,273,0.483333333333333,0.666666666666667,207573,237841,0.12726149,-0.895302996273534,0.53571596998551,2.43616264704076,-0.315753252484688,-0.176091259055681,NA,NA,NA,NA,NA
"291","SHLZ_G001","SHLZ","M. guttatus",1595,"MID",-119.307426,37.145131,4.1,294.666666666667,0.53,1.1,582646,621722,0.062851242,-1.20168613582342,0.612783856719735,2.46933101029341,-0.275724130399211,0.0413926851582251,NA,NA,NA,NA,NA
"292","SHLZ_G002","SHLZ","M. guttatus",1595,"MID",-119.307426,37.145131,4.8,493.333333333333,0.533333333333333,0.4,1298732,1407504,0.077280065,-1.1119325213088,0.681241237375587,2.69314046067529,-0.273001272063738,-0.397940008672038,NA,NA,NA,NA,NA
"293","SHLZ_G003","SHLZ","M. guttatus",1595,"MID",-119.307426,37.145131,3.13333333333333,325,0.366666666666667,0.566666666666667,1703397,1808854,0.058300449,-1.23432810051592,0.496006598880036,2.51188336097887,-0.435728569561437,-0.246672333341388,NA,NA,NA,NA,NA
"294","SHLZ_G004","SHLZ","M. guttatus",1595,"MID",-119.307426,37.145131,3.9,409.666666666667,0.383333333333333,0.666666666666667,682923,720876,0.052648444,-1.27861445965798,0.591064607026499,2.61243062816679,-0.416423414366051,-0.176091259055681,NA,NA,NA,NA,NA
"295","SHLZ_G005","SHLZ","M. guttatus",1595,"MID",-119.307426,37.145131,4.63333333333333,481.666666666667,0.48,0.633333333333333,829159,1023402,0.189801271,-0.721700883655627,0.665893545534433,2.6827465923729,-0.318758762624413,-0.198367653766833,NA,NA,NA,NA,NA
"296","SHLZ_L001","SHLZ","M. laciniatus",1595,"MID",-119.307426,37.145131,2.46666666666667,450,0.39,0.4,135431,181589,0.254189406,-0.594842553749034,0.392110465011314,2.65321251377534,-0.408935392973501,-0.397940008672038,NA,NA,NA,NA,NA
"297","SHLZ_L002","SHLZ","M. laciniatus",1595,"MID",-119.307426,37.145131,3.7,389.333333333333,0.336666666666667,0.7,1475924,4291857,0.65611063,-0.183022925948012,0.568201724066995,2.59032158805672,-0.47279988093702,-0.154901959985743,NA,NA,NA,NA,NA
"298","SHLZ_L003","SHLZ","M. laciniatus",1595,"MID",-119.307426,37.145131,7.43333333333333,647.333333333333,0.233333333333333,0.5,1301924,1720524,0.243297972,-0.613861511097459,0.871183608328498,2.81112797085232,-0.632023214705406,-0.301029995663981,NA,NA,NA,NA,NA
"299","SHLZ_L004","SHLZ","M. laciniatus",1595,"MID",-119.307426,37.145131,4.23333333333333,596.333333333333,0.273333333333333,0.733333333333333,179113,200536,0.106828699,-0.971312060575114,0.626682466236294,2.77548908584771,-0.563307402335946,-0.134698573897456,NA,NA,NA,NA,NA
"300","SHLZ_L005","SHLZ","M. laciniatus",1595,"MID",-119.307426,37.145131,3.5,434,0.29,0.366666666666667,239689,275489,0.129950742,-0.886221236397016,0.544068044350276,2.63748972951251,-0.537602002101044,-0.435728569561437,NA,NA,NA,NA,NA
"301","SPLB_L004","SPLB","M. laciniatus",2348,"HIGH",-119.586129,37.847194,2.8,345.333333333333,0.44,NA,359149,786569,0.543397973,-0.264881985933875,0.447158031342219,2.53823850068955,-0.356547323513813,NA,NA,NA,NA,NA,NA
"302","SPLB_L008","SPLB","M. laciniatus",2348,"HIGH",-119.586129,37.847194,2.9,323,0.466666666666667,NA,138165,519723,0.734156464,-0.13421137303983,0.462397997898956,2.5092025223311,-0.330993219041424,NA,NA,NA,NA,NA,NA
"303","TRTZ_L007","TRTZ","M. laciniatus",1486,"MID",-119.70531698,37.71609798,6.46666666666667,499.666666666667,0.283333333333333,0.6,87034,171841,0.493520173,-0.306695090525197,0.810680475210564,2.69868037812862,-0.54770232900537,-0.221848749616356,NA,NA,NA,NA,NA
"304","TRTZ_L008","TRTZ","M. laciniatus",1486,"MID",-119.70531698,37.71609798,4.46666666666667,525.666666666667,0.326666666666667,0.8,97732,226523,0.568555952,-0.245226789640909,0.649983543645145,2.72071043860924,-0.485895179027168,-0.0969100130080564,NA,NA,NA,NA,NA
"305","TRTZ_L009","TRTZ","M. laciniatus",1486,"MID",-119.70531698,37.71609798,3.63333333333333,372.666666666667,0.223333333333333,0.466666666666667,138077,230920,0.402056989,-0.395712384094463,0.560305243220961,2.57132054883074,-0.651046452018836,-0.330993219041424,NA,NA,NA,NA,NA
"306","TWGB_G001","TWGB","M. guttatus",1238,"MID",-119.951305,37.85882,2.86666666666667,333.333333333333,0.336666666666667,0.466666666666667,460801,512794,0.101391592,-0.993998057817316,0.457377196523905,2.52287874528034,-0.47279988093702,-0.330993219041424,NA,NA,NA,NA,NA
"307","TWGB_G003","TWGB","M. guttatus",1238,"MID",-119.951305,37.85882,3.03333333333333,319,0.45,0.4,163724,191452,0.144830036,-0.839141361368621,0.481920137601431,2.50379068305718,-0.346787486224656,-0.397940008672038,NA,NA,NA,NA,NA
"308","TWGB_G005","TWGB","M. guttatus",1238,"MID",-119.951305,37.85882,2.4,233.333333333333,0.333333333333333,0.2,178368,206204,0.134992532,-0.869690256696859,0.380211241711606,2.36797678529459,-0.477121254719662,-0.698970004336019,NA,NA,NA,NA,NA
"309","WCFB_G001","WCFB","M. guttatus",1380,"MID",-119.719077,37.723593,3.23333333333333,335,0.306666666666667,0.566666666666667,77370,88389,0.124664834,-0.904256036927237,0.509650479546582,2.52504480703685,-0.513333427374107,-0.246672333341388,NA,NA,NA,NA,NA
"310","WCFB_G002","WCFB","M. guttatus",1380,"MID",-119.719077,37.723593,3.6,431.666666666667,0.3,0.6,101976,121819,0.162889204,-0.788107698985539,0.556302500767287,2.63514851369761,-0.522878745280338,-0.221848749616356,NA,NA,NA,NA,NA
"311","WCFB_G012","WCFB","M. guttatus",1380,"MID",-119.719077,37.723593,3.76666666666667,326.666666666667,0.266666666666667,0.333333333333333,174381,201823,0.135970628,-0.866554896594428,0.575957188763757,2.51410482097283,-0.574031267727719,-0.477121254719662,NA,NA,NA,NA,NA
"312","WCFB_L001","WCFB","M. laciniatus",1380,"MID",-119.719077,37.723593,4.36666666666667,416.666666666667,0.4,0.6,265639,357104,0.256129867,-0.59153977601423,0.640150040936102,2.61978875828839,-0.397940008672038,-0.221848749616356,NA,NA,NA,NA,NA
"313","WCFB_L002","WCFB","M. laciniatus",1380,"MID",-119.719077,37.723593,2.53333333333333,347.333333333333,0.36,0.533333333333333,76777,108695,0.293647362,-0.532173896315965,0.403692337561129,2.54074646424384,-0.443697499232713,-0.273001272063738,NA,NA,NA,NA,NA
"314","WCFB_L003","WCFB","M. laciniatus",1380,"MID",-119.719077,37.723593,2.96666666666667,349,0.19,0.4,125310,221948,0.435408294,-0.3611033024329,0.47226875192525,2.54282542695918,-0.721246399047171,-0.397940008672038,NA,NA,NA,NA,NA
"315","WCFB_L005","WCFB","M. laciniatus",1380,"MID",-119.719077,37.723593,2.73333333333333,294,0.323333333333333,0.6,96265,132618,0.274118144,-0.562062217367145,0.436692597664054,2.46834733041216,-0.490349520453418,-0.221848749616356,NA,NA,NA,NA,NA
"316","WCFB_L008","WCFB","M. laciniatus",1380,"MID",-119.719077,37.723593,2.2,392,0.283333333333333,0.666666666666667,69410,91888,0.24462389,-0.611501131974591,0.342422680822206,2.59328606702046,-0.54770232900537,-0.176091259055681,NA,NA,NA,NA,NA
"317","WSHB_G011","WSHB","M. guttatus",1235,"MID",-119.647878,37.543343,4.9,211.666666666667,0.39,NA,245893,265416,0.073556229,-1.13338054379599,0.690196080028514,2.32565247057231,-0.408935392973501,NA,NA,NA,NA,NA,NA
"318","YCNB_L003","YCNB","M. laciniatus",2357,"HIGH",-119.572754,37.843904,3.16666666666667,305.666666666667,0.223333333333333,NA,194059,300780,0.35481415,-0.449999068816691,0.500602350569185,2.48524808095036,-0.651046452018836,NA,NA,NA,NA,NA,NA
"319","YCNB_L006","YCNB","M. laciniatus",2357,"HIGH",-119.572754,37.843904,6.2,338.666666666667,0.503333333333333,NA,182275,239376,0.23854104,-0.622436891625023,0.792391689498254,2.52977245322824,-0.298144307426493,NA,NA,NA,NA,NA,NA
